"id","iso_source_abbreviation","publication_name"
"J. ADOLESC. ADULT LIT.","J. ADOLESC. ADULT LIT.","JOURNAL OF ADOLESCENT & ADULT LITERACY"
"ASIA-PAC. PSYCHIATRY","ASIA-PAC. PSYCHIATRY","ASIA-PACIFIC PSYCHIATRY"
"J. CREAT. COMMUN.","J. CREAT. COMMUN.","JOURNAL OF CREATIVE COMMUNICATIONS"
"COMPUT. HUM. BEHAV.","COMPUT. HUM. BEHAV.","COMPUTERS IN HUMAN BEHAVIOR"
"PAMUKKALE UNIV. EGIT. FAK. DERG.","PAMUKKALE UNIV. EGIT. FAK. DERG.","PAMUKKALE UNIVERSITESI EGITIM FAKULTESI DERGISI-PAMUKKALE UNIVERSITY;   JOURNAL OF EDUCATION"
"J. HEALTH COMMUN.","J. HEALTH COMMUN.","JOURNAL OF HEALTH COMMUNICATION"
"TURK. ONLINE J. DES. ART COMMUN.","TURK. ONLINE J. DES. ART COMMUN.","TURKISH ONLINE JOURNAL OF DESIGN ART AND COMMUNICATION"
"SUICIDE LIFE-THREAT. BEHAV.","SUICIDE LIFE-THREAT. BEHAV.","SUICIDE AND LIFE-THREATENING BEHAVIOR"
"EDUCATIO SIGLO XXI","EDUCATIO SIGLO XXI","EDUCATIO SIGLO XXI"
"LINHA AGUA","LINHA AGUA","LINHA D AGUA"
"LINHA AGUA","LINHA AGUA","LINHA D AGUA"
"TEACH. TEACH. EDUC.","TEACH. TEACH. EDUC.","TEACHING AND TEACHER EDUCATION"
"ARAB WORLD ENGL. J.","ARAB WORLD ENGL. J.","ARAB WORLD ENGLISH JOURNAL"
"INT. J. INTERCULT. RELAT.","INT. J. INTERCULT. RELAT.","INTERNATIONAL JOURNAL OF INTERCULTURAL RELATIONS"
"J. COMMUNITY PSYCHOL.","J. COMMUNITY PSYCHOL.","JOURNAL OF COMMUNITY PSYCHOLOGY"
"UNIVERSITAS","UNIVERSITAS","UNIVERSITAS-REVISTA DE CIENCIAS SOCIALES Y HUMANAS"
"PIXEL-BIT","PIXEL-BIT","PIXEL-BIT- REVISTA DE MEDIOS Y EDUCACION"
"REV. MEDITERR. COMUN.","REV. MEDITERR. COMUN.","REVISTA MEDITERRANEA COMUNICACION-JOURNAL OF COMMUNICATION"
"INT. J. EATING DISORD.","INT. J. EATING DISORD.","INTERNATIONAL JOURNAL OF EATING DISORDERS"
"INT. J. EATING DISORD.","INT. J. EATING DISORD.","INTERNATIONAL JOURNAL OF EATING DISORDERS"
"J. ADOLESC. ADULT LIT.","J. ADOLESC. ADULT LIT.","JOURNAL OF ADOLESCENT & ADULT LITERACY"
"J. PUBLIC HEALTH","J. PUBLIC HEALTH","JOURNAL OF PUBLIC HEALTH"
"FRONT. PSYCHOL.","FRONT. PSYCHOL.","FRONTIERS IN PSYCHOLOGY"
"CONVERGENCIA","CONVERGENCIA","CONVERGENCIA-REVISTA DE CIENCIAS SOCIALES"
"J. ADOLESC. ADULT LIT.","J. ADOLESC. ADULT LIT.","JOURNAL OF ADOLESCENT & ADULT LITERACY"
"COMMUN. TODAY","COMMUN. TODAY","COMMUNICATION TODAY"
"COMMUN. TODAY","COMMUN. TODAY","COMMUNICATION TODAY"
"CATAL. J. COMMUN. CULTUR. STUDIES","CATAL. J. COMMUN. CULTUR. STUDIES","CATALAN JOURNAL OF COMMUNICATION & CULTURAL STUDIES"
"EUR. J. RES. EDUC. LEARN. ADULTS","EUR. J. RES. EDUC. LEARN. ADULTS","EUROPEAN JOURNAL FOR RESEARCH ON THE EDUCATION AND LEARNING OF ADULTS"
"AM. BEHAV. SCI.","AM. BEHAV. SCI.","AMERICAN BEHAVIORAL SCIENTIST"
"LINGUIST. EDUC.","LINGUIST. EDUC.","LINGUISTICS AND EDUCATION"
"J. LEARN. STYLES","J. LEARN. STYLES","JOURNAL OF LEARNING STYLES"
"HIGH. EDUC.","HIGH. EDUC.","HIGHER EDUCATION"
"J. BROADCAST. ELECTRON. MEDIA","J. BROADCAST. ELECTRON. MEDIA","JOURNAL OF BROADCASTING & ELECTRONIC MEDIA"
"J. ADOLESC. ADULT LIT.","J. ADOLESC. ADULT LIT.","JOURNAL OF ADOLESCENT & ADULT LITERACY"
"EARLY YEARS","EARLY YEARS","EARLY YEARS"
"BMC PUBLIC HEALTH","BMC PUBLIC HEALTH","BMC PUBLIC HEALTH"
"EUR. J. COMMUN.","EUR. J. COMMUN.","EUROPEAN JOURNAL OF COMMUNICATION"
"INT. J. BILING.","INT. J. BILING.","INTERNATIONAL JOURNAL OF BILINGUALISM"
"INT. REV. EDUC.","INT. REV. EDUC.","INTERNATIONAL REVIEW OF EDUCATION"
"J. CHILD FAM. STUD.","J. CHILD FAM. STUD.","JOURNAL OF CHILD AND FAMILY STUDIES"
"CHUZHDOEZIKOVO OBUC.","CHUZHDOEZIKOVO OBUC.","CHUZHDOEZIKOVO OBUCHENIE-FOREIGN LANGUAGE TEACHING"
"MEDIJSKE STUD.","MEDIJSKE STUD.","MEDIJSKE STUDIJE-MEDIA STUDIES"
"MEDIAOBRAZOVANIE","MEDIAOBRAZOVANIE","MEDIAOBRAZOVANIE-MEDIA EDUCATION"
"MEDIAOBRAZOVANIE","MEDIAOBRAZOVANIE","MEDIAOBRAZOVANIE-MEDIA EDUCATION"
"MEDIAOBRAZOVANIE","MEDIAOBRAZOVANIE","MEDIAOBRAZOVANIE-MEDIA EDUCATION"
"ASIA PAC. J. EDUC.","ASIA PAC. J. EDUC.","ASIA PACIFIC JOURNAL OF EDUCATION"
"TIDSCHR. COMMUNWET.","TIDSCHR. COMMUNWET.","TIJDSCHRIFT VOOR COMMUNICATIEWETENSCHAP"
"SCI. EDUC.","SCI. EDUC.","SCIENCE AND EDUCATION"
"CYBERPSYCHOLOGY","CYBERPSYCHOLOGY","CYBERPSYCHOLOGY-JOURNAL OF PSYCHOSOCIAL RESEARCH ON CYBERSPACE"
"AD ALTA-J. INTERDISCIP. RES.","AD ALTA-J. INTERDISCIP. RES.","AD ALTA-JOURNAL OF INTERDISCIPLINARY RESEARCH"
"EDMETIC","EDMETIC","EDMETIC"
"EDMETIC","EDMETIC","EDMETIC"
"LEARN. MEDIA TECHNOL.","LEARN. MEDIA TECHNOL.","LEARNING MEDIA AND TECHNOLOGY"
"LEARN. MEDIA TECHNOL.","LEARN. MEDIA TECHNOL.","LEARNING MEDIA AND TECHNOLOGY"
"NOVA PRISUT.","NOVA PRISUT.","NOVA PRISUTNOST"
"BIBLIC. INTERPRET.","BIBLIC. INTERPRET.","BIBLICAL INTERPRETATION-A JOURNAL OF CONTEMPORARY APPROACHES"
"MEDIAOBRAZOVANIE","MEDIAOBRAZOVANIE","MEDIAOBRAZOVANIE-MEDIA EDUCATION"
"MEDIAOBRAZOVANIE","MEDIAOBRAZOVANIE","MEDIAOBRAZOVANIE-MEDIA EDUCATION"
"MEDIAOBRAZOVANIE","MEDIAOBRAZOVANIE","MEDIAOBRAZOVANIE-MEDIA EDUCATION"
"MULTICULT. PERSPECT.","MULTICULT. PERSPECT.","MULTICULTURAL PERSPECTIVES"
"HEALTH COMMUN.","HEALTH COMMUN.","HEALTH COMMUNICATION"
"MEDIAOBRAZOVANIE","MEDIAOBRAZOVANIE","MEDIAOBRAZOVANIE-MEDIA EDUCATION"
"J. CHILD. MEDIA","J. CHILD. MEDIA","JOURNAL OF CHILDREN AND MEDIA"
"CAN. J. COMMUN.","CAN. J. COMMUN.","CANADIAN JOURNAL OF COMMUNICATION"
"J. HUM. BEHAV. SOC. ENVIRON.","J. HUM. BEHAV. SOC. ENVIRON.","JOURNAL OF HUMAN BEHAVIOR IN THE SOCIAL ENVIRONMENT"
"J. INDIAN ASSOC. CHILD ADOLESC. MENT. HEALTH","J. INDIAN ASSOC. CHILD ADOLESC. MENT. HEALTH","JOURNAL OF INDIAN ASSOCIATION FOR CHILD AND ADOLESCENT MENTAL HEALTH"
"J. VIS. IMPAIR. BLIND.","J. VIS. IMPAIR. BLIND.","JOURNAL OF VISUAL IMPAIRMENT & BLINDNESS"
"BR. J. EDUC. TECHNOL.","BR. J. EDUC. TECHNOL.","BRITISH JOURNAL OF EDUCATIONAL TECHNOLOGY"
"J. APPL. DEV. PSYCHOL.","J. APPL. DEV. PSYCHOL.","JOURNAL OF APPLIED DEVELOPMENTAL PSYCHOLOGY"
"TECNOSCIENZA","TECNOSCIENZA","TECNOSCIENZA-ITALIAN JOURNAL OF SCIENCE & TECHNOLOGY STUDIES"
"EDUC. SCI.-THEORY PRACT.","EDUC. SCI.-THEORY PRACT.","EDUCATIONAL SCIENCES-THEORY & PRACTICE"
"BIBL. FORSCHUNG PRAXIS","BIBL. FORSCHUNG PRAXIS","BIBLIOTHEK FORSCHUNG UND PRAXIS"
"BODY IMAGE","BODY IMAGE","BODY IMAGE"
"EUR. J. SCI. THEOL.","EUR. J. SCI. THEOL.","EUROPEAN JOURNAL OF SCIENCE AND THEOLOGY"
"J. EAT. DISORD.","J. EAT. DISORD.","JOURNAL OF EATING DISORDERS"
"INF. SOC.","INF. SOC.","INFORMATION SOCIETY"
"COMMUN. TODAY","COMMUN. TODAY","COMMUNICATION TODAY"
"J. STUD. ALCOHOL DRUGS","J. STUD. ALCOHOL DRUGS","JOURNAL OF STUDIES ON ALCOHOL AND DRUGS"
"EDUC. THEORY","EDUC. THEORY","EDUCATIONAL THEORY"
"J. SCH. HEALTH","J. SCH. HEALTH","JOURNAL OF SCHOOL HEALTH"
"COMUNICAR","COMUNICAR","COMUNICAR"
"COMUNICAR","COMUNICAR","COMUNICAR"
"CULT. EDUC.","CULT. EDUC.","CULTURA Y EDUCACION"
"TEACH. TEACH. EDUC.","TEACH. TEACH. EDUC.","TEACHING AND TEACHER EDUCATION"
"INT. J. SCI. MATH. EDUC.","INT. J. SCI. MATH. EDUC.","INTERNATIONAL JOURNAL OF SCIENCE AND MATHEMATICS EDUCATION"
"J. COMMUN. INQ.","J. COMMUN. INQ.","JOURNAL OF COMMUNICATION INQUIRY"
"COMPUT. HUM. BEHAV.","COMPUT. HUM. BEHAV.","COMPUTERS IN HUMAN BEHAVIOR"
"J. AFR. MEDIA STUD.","J. AFR. MEDIA STUD.","JOURNAL OF AFRICAN MEDIA STUDIES"
"JOURNAL. MASS COMMUN. Q.","JOURNAL. MASS COMMUN. Q.","JOURNALISM & MASS COMMUNICATION QUARTERLY"
"INT. J. BILING. EDUC. BILING.","INT. J. BILING. EDUC. BILING.","INTERNATIONAL JOURNAL OF BILINGUAL EDUCATION AND BILINGUALISM"
"ASIA-PAC. EDUC. RES.","ASIA-PAC. EDUC. RES.","ASIA-PACIFIC EDUCATION RESEARCHER"
"J. YOUTH ADOLESC.","J. YOUTH ADOLESC.","JOURNAL OF YOUTH AND ADOLESCENCE"
"AULA ABIERTA","AULA ABIERTA","AULA ABIERTA"
"EUR. EDUC. RES. J.","EUR. EDUC. RES. J.","EUROPEAN EDUCATIONAL RESEARCH JOURNAL"
"REV. MEDITERR. COMUN.","REV. MEDITERR. COMUN.","REVISTA MEDITERRANEA COMUNICACION-JOURNAL OF COMMUNICATION"
"REV. MEDITERR. COMUN.","REV. MEDITERR. COMUN.","REVISTA MEDITERRANEA COMUNICACION-JOURNAL OF COMMUNICATION"
"ESPACIOS BLANCO","ESPACIOS BLANCO","ESPACIOS EN BLANCO-SERIE INDAGACIONES"
"PRISM. SOC.","PRISM. SOC.","PRISMA SOCIAL"
"DISCOURSE CONTEXT MEDIA","DISCOURSE CONTEXT MEDIA","DISCOURSE CONTEXT & MEDIA"
"AUST. N. Z. PUBL. HEALTH","AUST. N. Z. PUBL. HEALTH","AUSTRALIAN AND NEW ZEALAND JOURNAL OF PUBLIC HEALTH"
"PRISM. SOC.","PRISM. SOC.","PRISMA SOCIAL"
"PRISM. SOC.","PRISM. SOC.","PRISMA SOCIAL"
"ELECTRON. J. E-LEARN.","ELECTRON. J. E-LEARN.","ELECTRONIC JOURNAL OF E-LEARNING"
"NEW MEDIA SOC.","NEW MEDIA SOC.","NEW MEDIA & SOCIETY"
"ARCH. SEX. BEHAV.","ARCH. SEX. BEHAV.","ARCHIVES OF SEXUAL BEHAVIOR"
"EVAL. REV.","EVAL. REV.","EVALUATION REVIEW"
"TURK. ONLINE J. DES. ART COMMUN.","TURK. ONLINE J. DES. ART COMMUN.","TURKISH ONLINE JOURNAL OF DESIGN ART AND COMMUNICATION"
"COMMUN. TODAY","COMMUN. TODAY","COMMUNICATION TODAY"
"J. HEALTH PSYCHOL.","J. HEALTH PSYCHOL.","JOURNAL OF HEALTH PSYCHOLOGY"
"ASIA-PAC. EDUC. RES.","ASIA-PAC. EDUC. RES.","ASIA-PACIFIC EDUCATION RESEARCHER"
"CUKUROVA UNIV. FAC. EDUC. J.","CUKUROVA UNIV. FAC. EDUC. J.","CUKUROVA UNIVERSITY FACULTY OF EDUCATION JOURNAL"
"INF. SOC.","INF. SOC.","INFORMATION SOCIETY"
"CULT. STUD. SCI. EDUC.","CULT. STUD. SCI. EDUC.","CULTURAL STUDIES OF SCIENCE EDUCATION"
"PUBLIC RELAT. REV.","PUBLIC RELAT. REV.","PUBLIC RELATIONS REVIEW"
"CENT. EUR. J. COMMUN.","CENT. EUR. J. COMMUN.","CENTRAL EUROPEAN JOURNAL OF COMMUNICATION"
"ACAD. PSYCH.","ACAD. PSYCH.","ACADEMIC PSYCHIATRY"
"HEALTH EDUC. RES.","HEALTH EDUC. RES.","HEALTH EDUCATION RESEARCH"
"READ. WRIT. Q.","READ. WRIT. Q.","READING & WRITING QUARTERLY"
"ART-SANAT","ART-SANAT","ART-SANAT"
"NOVA PRISUT.","NOVA PRISUT.","NOVA PRISUTNOST"
"NOVA PRISUT.","NOVA PRISUT.","NOVA PRISUTNOST"
"INT. J. ADOLESC. YOUTH","INT. J. ADOLESC. YOUTH","INTERNATIONAL JOURNAL OF ADOLESCENCE AND YOUTH"
"J. KOMUN.","J. KOMUN.","JURNAL KOMUNIKASI-MALAYSIAN JOURNAL OF COMMUNICATION"
"PROFESORADO","PROFESORADO","PROFESORADO-REVISTA DE CURRICULUM Y FORMACION DE PROFESORADO"
"REV. LAT. COMUN. SOC.","REV. LAT. COMUN. SOC.","REVISTA LATINA DE COMUNICACION SOCIAL"
"EUR. J. CONTERMP. EDUC.","EUR. J. CONTERMP. EDUC.","EUROPEAN JOURNAL OF CONTEMPORARY EDUCATION"
"EUR. J. CONTERMP. EDUC.","EUR. J. CONTERMP. EDUC.","EUROPEAN JOURNAL OF CONTEMPORARY EDUCATION"
"J. CHILD. MEDIA","J. CHILD. MEDIA","JOURNAL OF CHILDREN AND MEDIA"
"J. RES. CHILD. EDUC.","J. RES. CHILD. EDUC.","JOURNAL OF RESEARCH IN CHILDHOOD EDUCATION"
"MEDIJSKE STUD.","MEDIJSKE STUD.","MEDIJSKE STUDIJE-MEDIA STUDIES"
"INT. J. ASIA PAC. STUD.","INT. J. ASIA PAC. STUD.","INTERNATIONAL JOURNAL OF ASIA PACIFIC STUDIES"
"REF. SERV. REV.","REF. SERV. REV.","REFERENCE SERVICES REVIEW"
"INT. J. COMMUN.","INT. J. COMMUN.","INTERNATIONAL JOURNAL OF COMMUNICATION"
"EURASIAN J. EDUC. RES.","EURASIAN J. EDUC. RES.","EURASIAN JOURNAL OF EDUCATIONAL RESEARCH"
"PUB. HEALTH GENOMICS","PUB. HEALTH GENOMICS","PUBLIC HEALTH GENOMICS"
"REV. ANTHROPOL. CONNAISS.","REV. ANTHROPOL. CONNAISS.","REVUE D ANTHROPOLOGIE DES CONNAISSANCES"
"CAN. J. STUDY ADULT EDUC.","CAN. J. STUDY ADULT EDUC.","CANADIAN JOURNAL FOR THE STUDY OF ADULT EDUCATION"
"MIND CULT. ACT.","MIND CULT. ACT.","MIND CULTURE AND ACTIVITY"
"REV. LATINOAM. TECNOL. EDUC.-RELATEC","REV. LATINOAM. TECNOL. EDUC.-RELATEC","REVISTA LATINOAMERICANA DE TECNOLOGIA EDUCATIVA-RELATEC"
"J. HEALTH COMMUN.","J. HEALTH COMMUN.","JOURNAL OF HEALTH COMMUNICATION"
"FONSECA","FONSECA","FONSECA-JOURNAL OF COMMUNICATION"
"FONSECA","FONSECA","FONSECA-JOURNAL OF COMMUNICATION"
"J. UNIVERS. COMPUT. SCI.","J. UNIVERS. COMPUT. SCI.","JOURNAL OF UNIVERSAL COMPUTER SCIENCE"
"J. CHILD. MEDIA","J. CHILD. MEDIA","JOURNAL OF CHILDREN AND MEDIA"
"REV. LAT. COMUN. SOC.","REV. LAT. COMUN. SOC.","REVISTA LATINA DE COMUNICACION SOCIAL"
"MEDIAOBRAZOVANIE","MEDIAOBRAZOVANIE","MEDIAOBRAZOVANIE-MEDIA EDUCATION"
"MEDIAOBRAZOVANIE","MEDIAOBRAZOVANIE","MEDIAOBRAZOVANIE-MEDIA EDUCATION"
"CURRIC. INQ.","CURRIC. INQ.","CURRICULUM INQUIRY"
"J. ADVERT.","J. ADVERT.","JOURNAL OF ADVERTISING"
"J. INVEST. MED.","J. INVEST. MED.","JOURNAL OF INVESTIGATIVE MEDICINE"
"INT. FOOD RES. J.","INT. FOOD RES. J.","INTERNATIONAL FOOD RESEARCH JOURNAL"
"MERIDIANS","MERIDIANS","MERIDIANS-FEMINISM RACE TRANSNATIONALISM"
"TRANSL. BEHAV. MED.","TRANSL. BEHAV. MED.","TRANSLATIONAL BEHAVIORAL MEDICINE"
"J. AGING STUD.","J. AGING STUD.","JOURNAL OF AGING STUDIES"
"JOURNAL. MASS COMMUN. Q.","JOURNAL. MASS COMMUN. Q.","JOURNALISM & MASS COMMUNICATION QUARTERLY"
"J. LIBR. INF. SCI.","J. LIBR. INF. SCI.","JOURNAL OF LIBRARIANSHIP AND INFORMATION SCIENCE"
"GERONTOLOGIST","GERONTOLOGIST","GERONTOLOGIST"
"CONVERGENCE","CONVERGENCE","CONVERGENCE-THE INTERNATIONAL JOURNAL OF RESEARCH INTO NEW MEDIA;   TECHNOLOGIES"
"EARLY CHILD. EDUC. J.","EARLY CHILD. EDUC. J.","EARLY CHILDHOOD EDUCATION JOURNAL"
"YOUTH SOC.","YOUTH SOC.","YOUTH & SOCIETY"
"ASIA PAC. J. EDUC.","ASIA PAC. J. EDUC.","ASIA PACIFIC JOURNAL OF EDUCATION"
"PESPECT. CIENC. INF.","PESPECT. CIENC. INF.","PERSPECTIVAS EM CIENCIA DA INFORMACAO"
"REV. INVESTIG. EDUC.","REV. INVESTIG. EDUC.","REVISTA DE INVESTIGACION EN EDUCACION"
"INT. J. BUS. COMMUN.","INT. J. BUS. COMMUN.","INTERNATIONAL JOURNAL OF BUSINESS COMMUNICATION"
"J. LANG. LIT. EDUC.","J. LANG. LIT. EDUC.","JOURNAL OF LANGUAGE AND LITERACY EDUCATION"
"J. FILM VIDEO","J. FILM VIDEO","JOURNAL OF FILM AND VIDEO"
"PALABRA CLAVE","PALABRA CLAVE","PALABRA CLAVE"
"REV. COMUN. MIDIATICA","REV. COMUN. MIDIATICA","REVISTA COMUNICACAO MIDIATICA"
"RELIG. EDUC.","RELIG. EDUC.","RELIGIOUS EDUCATION"
"CRIT. EDUC.","CRIT. EDUC.","CRITICAL EDUCATION"
"HEALTH EDUC. RES.","HEALTH EDUC. RES.","HEALTH EDUCATION RESEARCH"
"MASS COMMUN. SOC.","MASS COMMUN. SOC.","MASS COMMUNICATION AND SOCIETY"
"MASS COMMUN. SOC.","MASS COMMUN. SOC.","MASS COMMUNICATION AND SOCIETY"
"RIED-REV. IBEROAM. EDUC. DISTANCIA","RIED-REV. IBEROAM. EDUC. DISTANCIA","RIED-REVISTA IBEROAMERICANA DE EDUCACION A DISTANCIA"
"COMPUT. EDUC.","COMPUT. EDUC.","COMPUTERS & EDUCATION"
"J. AM. COLL. CARDIOL.","J. AM. COLL. CARDIOL.","JOURNAL OF THE AMERICAN COLLEGE OF CARDIOLOGY"
"REV. DIGIT. INVEST. DOCENCIA UNIV.-RIDU","REV. DIGIT. INVEST. DOCENCIA UNIV.-RIDU","REVISTA DIGITAL DE INVESTIGACION EN DOCENCIA UNIVERSITARIA-RIDU"
"INT. J. EDUC. ART","INT. J. EDUC. ART","INTERNATIONAL JOURNAL OF EDUCATION THROUGH ART"
"HEALTH EDUC. RES.","HEALTH EDUC. RES.","HEALTH EDUCATION RESEARCH"
"J. CURRIC. STUD.","J. CURRIC. STUD.","JOURNAL OF CURRICULUM STUDIES"
"PROFESORADO","PROFESORADO","PROFESORADO-REVISTA DE CURRICULUM Y FORMACION DE PROFESORADO"
"ANN. BEHAV. MED.","ANN. BEHAV. MED.","ANNALS OF BEHAVIORAL MEDICINE"
"EDUC. POLICY","EDUC. POLICY","EDUCATIONAL POLICY"
"J. SOC. ISSUES","J. SOC. ISSUES","JOURNAL OF SOCIAL ISSUES"
"J. EARLY CHILD. LIT.","J. EARLY CHILD. LIT.","JOURNAL OF EARLY CHILDHOOD LITERACY"
"TESOL J.","TESOL J.","TESOL JOURNAL"
"J. KOMUN.","J. KOMUN.","JURNAL KOMUNIKASI-MALAYSIAN JOURNAL OF COMMUNICATION"
"DINBILIMLERI AKAD. ARAST. DERG.","DINBILIMLERI AKAD. ARAST. DERG.","DINBILIMLERI AKADEMIK ARASTIRMA DERGISI-JOURNAL OF ACADEMIC RESEARCH IN;   RELIGIOUS SCIENCES"
"EUR. J. CONTERMP. EDUC.","EUR. J. CONTERMP. EDUC.","EUROPEAN JOURNAL OF CONTEMPORARY EDUCATION"
"CHIN. LANG. DISCOURSE","CHIN. LANG. DISCOURSE","CHINESE LANGUAGE AND DISCOURSE"
"REV. LAT. COMUN. SOC.","REV. LAT. COMUN. SOC.","REVISTA LATINA DE COMUNICACION SOCIAL"
"COMUNICAR","COMUNICAR","COMUNICAR"
"COMUNICAR","COMUNICAR","COMUNICAR"
"TRIPLEC-COMMUN. CAPITAL. CRIT.","TRIPLEC-COMMUN. CAPITAL. CRIT.","TRIPLEC-COMMUNICATION CAPITALISM & CRITIQUE"
"INDEX COMUN.","INDEX COMUN.","INDEX COMUNICACION"
"J. NEW APPROACHES EDUC. RES.","J. NEW APPROACHES EDUC. RES.","JOURNAL OF NEW APPROACHES IN EDUCATIONAL RESEARCH"
"JMIR RES. PROTOC.","JMIR RES. PROTOC.","JMIR RESEARCH PROTOCOLS"
"INF. SOC.-ESTUD.","INF. SOC.-ESTUD.","INFORMACAO & SOCIEDADE-ESTUDOS"
"TIDSCHR. COMMUNWET.","TIDSCHR. COMMUNWET.","TIJDSCHRIFT VOOR COMMUNICATIEWETENSCHAP"
"CURRIC. INQ.","CURRIC. INQ.","CURRICULUM INQUIRY"
"J. INVEST. MED.","J. INVEST. MED.","JOURNAL OF INVESTIGATIVE MEDICINE"
"ATL. J. COMMUN.","ATL. J. COMMUN.","ATLANTIC JOURNAL OF COMMUNICATION"
"COMMUN. REV.","COMMUN. REV.","COMMUNICATION REVIEW"
"COMMUN. REV.","COMMUN. REV.","COMMUNICATION REVIEW"
"EUR. J. CONTERMP. EDUC.","EUR. J. CONTERMP. EDUC.","EUROPEAN JOURNAL OF CONTEMPORARY EDUCATION"
"J. TECHNOL. HUMAN SERV.","J. TECHNOL. HUMAN SERV.","JOURNAL OF TECHNOLOGY IN HUMAN SERVICES"
"MEDIA COMMUN.","MEDIA COMMUN.","MEDIA AND COMMUNICATION"
"MEDIAOBRAZOVANIE","MEDIAOBRAZOVANIE","MEDIAOBRAZOVANIE-MEDIA EDUCATION"
"MEDIAOBRAZOVANIE","MEDIAOBRAZOVANIE","MEDIAOBRAZOVANIE-MEDIA EDUCATION"
"REDES COM","REDES COM","REDES COM-REVISTA DE ESTUDIOS PARA EL DESARROLLO SOCIAL DE LA;   COMUNICACION"
"REDES COM","REDES COM","REDES COM-REVISTA DE ESTUDIOS PARA EL DESARROLLO SOCIAL DE LA;   COMUNICACION"
"DRUG ALCOHOL REV.","DRUG ALCOHOL REV.","DRUG AND ALCOHOL REVIEW"
"DRUG ALCOHOL REV.","DRUG ALCOHOL REV.","DRUG AND ALCOHOL REVIEW"
"LEARN. MEDIA TECHNOL.","LEARN. MEDIA TECHNOL.","LEARNING MEDIA AND TECHNOLOGY"
"COMMUNICATIONS","COMMUNICATIONS","COMMUNICATIONS-EUROPEAN JOURNAL OF COMMUNICATION RESEARCH"
"ASIA PAC. EDUC. REV.","ASIA PAC. EDUC. REV.","ASIA PACIFIC EDUCATION REVIEW"
"CYBERPSYCHOLOGY BEHAV. SOC. NETW.","CYBERPSYCHOLOGY BEHAV. SOC. NETW.","CYBERPSYCHOLOGY BEHAVIOR AND SOCIAL NETWORKING"
"COMUNICAR","COMUNICAR","COMUNICAR"
"CRIT. STUD. MEDIA COMM.","CRIT. STUD. MEDIA COMM.","CRITICAL STUDIES IN MEDIA COMMUNICATION"
"INJ. PREV.","INJ. PREV.","INJURY PREVENTION"
"INT. J. SPEECH-LANG. PATHOL.","INT. J. SPEECH-LANG. PATHOL.","INTERNATIONAL JOURNAL OF SPEECH-LANGUAGE PATHOLOGY"
"PROF. INF.","PROF. INF.","PROFESIONAL DE LA INFORMACION"
"CHILD. LIT. EDUC.","CHILD. LIT. EDUC.","CHILDRENS LITERATURE IN EDUCATION"
"J. SCH. HEALTH","J. SCH. HEALTH","JOURNAL OF SCHOOL HEALTH"
"HIST. COMUN. SOC.","HIST. COMUN. SOC.","HISTORIA Y COMUNICACION SOCIAL"
"NOV. LIT. OBOZR.","NOV. LIT. OBOZR.","NOVOE LITERATURNOE OBOZRENIE"
"ASSIST. TECHNOL.","ASSIST. TECHNOL.","ASSISTIVE TECHNOLOGY"
"LOGOS","LOGOS","LOGOS-VILNIUS"
"COMUNICAR","COMUNICAR","COMUNICAR"
"COMUNICAR","COMUNICAR","COMUNICAR"
"COMUNICAR","COMUNICAR","COMUNICAR"
"HIST. COMUN. SOC.","HIST. COMUN. SOC.","HISTORIA Y COMUNICACION SOCIAL"
"ANTHROPOLOGIST","ANTHROPOLOGIST","ANTHROPOLOGIST"
"AM. BEHAV. SCI.","AM. BEHAV. SCI.","AMERICAN BEHAVIORAL SCIENTIST"
"NEW MEDIA SOC.","NEW MEDIA SOC.","NEW MEDIA & SOCIETY"
"DRUG ALCOHOL REV.","DRUG ALCOHOL REV.","DRUG AND ALCOHOL REVIEW"
"EUR. J. COMMUN.","EUR. J. COMMUN.","EUROPEAN JOURNAL OF COMMUNICATION"
"EDUC. TECHNOL. SOC.","EDUC. TECHNOL. SOC.","EDUCATIONAL TECHNOLOGY & SOCIETY"
"EUR. J. SCI. THEOL.","EUR. J. SCI. THEOL.","EUROPEAN JOURNAL OF SCIENCE AND THEOLOGY"
"JOURNALISM","JOURNALISM","JOURNALISM"
"HIST. COMUN. SOC.","HIST. COMUN. SOC.","HISTORIA Y COMUNICACION SOCIAL"
"AM. ANN. DEAF","AM. ANN. DEAF","AMERICAN ANNALS OF THE DEAF"
"KURAM UYGULAMADA EGIT. BILIM.","KURAM UYGULAMADA EGIT. BILIM.","KURAM VE UYGULAMADA EGITIM BILIMLERI"
"CLCWEB-COMP. LIT. CULT.","CLCWEB-COMP. LIT. CULT.","CLCWEB-COMPARATIVE LITERATURE AND CULTURE"
"J. ADOLESC. ADULT LIT.","J. ADOLESC. ADULT LIT.","JOURNAL OF ADOLESCENT & ADULT LITERACY"
"AM. J. HEALTH PROMOT.","AM. J. HEALTH PROMOT.","AMERICAN JOURNAL OF HEALTH PROMOTION"
"LITERACY","LITERACY","LITERACY"
"BODY IMAGE","BODY IMAGE","BODY IMAGE"
"JAVNOST-PUBLIC","JAVNOST-PUBLIC","JAVNOST-THE PUBLIC"
"J. HEALTH COMMUN.","J. HEALTH COMMUN.","JOURNAL OF HEALTH COMMUNICATION"
"LEARN. MEDIA TECHNOL.","LEARN. MEDIA TECHNOL.","LEARNING MEDIA AND TECHNOLOGY"
"LEARN. MEDIA TECHNOL.","LEARN. MEDIA TECHNOL.","LEARNING MEDIA AND TECHNOLOGY"
"J. ADOLESC. ADULT LIT.","J. ADOLESC. ADULT LIT.","JOURNAL OF ADOLESCENT & ADULT LITERACY"
"READ. TEACH.","READ. TEACH.","READING TEACHER"
"COMPUT. EDUC.","COMPUT. EDUC.","COMPUTERS & EDUCATION"
"COMUNICAR","COMUNICAR","COMUNICAR"
"LANG. EDUC.","LANG. EDUC.","LANGUAGE AND EDUCATION"
"CONTINUUM-J. MEDIA CULT. STUD.","CONTINUUM-J. MEDIA CULT. STUD.","CONTINUUM-JOURNAL OF MEDIA & CULTURAL STUDIES"
"INF. TECHNOL. LIBR.","INF. TECHNOL. LIBR.","INFORMATION TECHNOLOGY AND LIBRARIES"
"CAN. THEATRE REV.","CAN. THEATRE REV.","CANADIAN THEATRE REVIEW"
"PRAX. KINDERPSYCHOL. KINDERPSYCHIATR.","PRAX. KINDERPSYCHOL. KINDERPSYCHIATR.","PRAXIS DER KINDERPSYCHOLOGIE UND KINDERPSYCHIATRIE"
"RECALL","RECALL","RECALL"
"BULL. AMER. METEOROL. SOC.","BULL. AMER. METEOROL. SOC.","BULLETIN OF THE AMERICAN METEOROLOGICAL SOCIETY"
"PHI DELTA KAPPAN","PHI DELTA KAPPAN","PHI DELTA KAPPAN"
"READ. TEACH.","READ. TEACH.","READING TEACHER"
"COMUNICAR","COMUNICAR","COMUNICAR"
"COMUNICAR","COMUNICAR","COMUNICAR"
"COMUNICAR","COMUNICAR","COMUNICAR"
"COMUNICAR","COMUNICAR","COMUNICAR"
"COMUNICAR","COMUNICAR","COMUNICAR"
"COMUNICAR","COMUNICAR","COMUNICAR"
"COMUNICAR","COMUNICAR","COMUNICAR"
"JOURNALISM","JOURNALISM","JOURNALISM"
"INT. J. BEHAV. MED.","INT. J. BEHAV. MED.","INTERNATIONAL JOURNAL OF BEHAVIORAL MEDICINE"
"AM. BIOL. TEACH.","AM. BIOL. TEACH.","AMERICAN BIOLOGY TEACHER"
"PUBLIC UNDERST. SCI.","PUBLIC UNDERST. SCI.","PUBLIC UNDERSTANDING OF SCIENCE"
"J. COMMUN.","J. COMMUN.","JOURNAL OF COMMUNICATION"
"NICOTINE TOB. RES.","NICOTINE TOB. RES.","NICOTINE & TOBACCO RESEARCH"
"ENERGY EDUC. SCI. TECHNOL.-PT. B","ENERGY EDUC. SCI. TECHNOL.-PT. B","ENERGY EDUCATION SCIENCE AND TECHNOLOGY PART B-SOCIAL AND EDUCATIONAL;   STUDIES"
"ANN. BEHAV. MED.","ANN. BEHAV. MED.","ANNALS OF BEHAVIORAL MEDICINE"
"COMUNICAR","COMUNICAR","COMUNICAR"
"COMUNICAR","COMUNICAR","COMUNICAR"
"COMUNICAR","COMUNICAR","COMUNICAR"
"COMUNICAR","COMUNICAR","COMUNICAR"
"COMUNICAR","COMUNICAR","COMUNICAR"
"COMUNICAR","COMUNICAR","COMUNICAR"
"EARLY CHILDHOOD RES. Q.","EARLY CHILDHOOD RES. Q.","EARLY CHILDHOOD RESEARCH QUARTERLY"
"MEDIA INT. AUST.","MEDIA INT. AUST.","MEDIA INTERNATIONAL AUSTRALIA"
"J. AM. COLL. HEALTH","J. AM. COLL. HEALTH","JOURNAL OF AMERICAN COLLEGE HEALTH"
"J. POP. FILM TELEV.","J. POP. FILM TELEV.","JOURNAL OF POPULAR FILM AND TELEVISION"
"J. HEALTH COMMUN.","J. HEALTH COMMUN.","JOURNAL OF HEALTH COMMUNICATION"
"Z. ENTWICKLUNG. PADAG. PSYCHOL.","Z. ENTWICKLUNG. PADAG. PSYCHOL.","ZEITSCHRIFT FUR ENTWICKLUNGSPSYCHOLOGIE UND PADAGOGISCHE PSYCHOLOGIE"
"DISCOURSE","DISCOURSE","DISCOURSE-STUDIES IN THE CULTURAL POLITICS OF EDUCATION"
"Z. SOZIOL. ERZIEH. SOZIAL.","Z. SOZIOL. ERZIEH. SOZIAL.","ZEITSCHRIFT FUR SOZIOLOGIE DER ERZIEHUNG UND SOZIALISATION"
"INT. J. COMMUN.","INT. J. COMMUN.","INTERNATIONAL JOURNAL OF COMMUNICATION"
"HEALTH EDUC. J.","HEALTH EDUC. J.","HEALTH EDUCATION JOURNAL"
"GERONTOLOGIST","GERONTOLOGIST","GERONTOLOGIST"
"ASIA-PAC. EDUC. RES.","ASIA-PAC. EDUC. RES.","ASIA-PACIFIC EDUCATION RESEARCHER"
"BR. J. EDUC. TECHNOL.","BR. J. EDUC. TECHNOL.","BRITISH JOURNAL OF EDUCATIONAL TECHNOLOGY"
"LIBR. TRENDS","LIBR. TRENDS","LIBRARY TRENDS"
"MEDIA INT. AUST.","MEDIA INT. AUST.","MEDIA INTERNATIONAL AUSTRALIA"
"AUST. EDUC. RES.","AUST. EDUC. RES.","AUSTRALIAN EDUCATIONAL RESEARCHER"
"ENG. TECH-PRAT. CRIT.","ENG. TECH-PRAT. CRIT.","ENGLISH TEACHING-PRACTICE AND CRITIQUE"
"AUST. LIBR. J.","AUST. LIBR. J.","AUSTRALIAN LIBRARY JOURNAL"
"J. ADOLESC. ADULT LIT.","J. ADOLESC. ADULT LIT.","JOURNAL OF ADOLESCENT & ADULT LITERACY"
"BR. J. HEALTH PSYCHOL.","BR. J. HEALTH PSYCHOL.","BRITISH JOURNAL OF HEALTH PSYCHOLOGY"
"J. GEN. INTERN. MED.","J. GEN. INTERN. MED.","JOURNAL OF GENERAL INTERNAL MEDICINE"
"LITERACY","LITERACY","LITERACY"
"TURK. ONLINE J. EDUC. TECHNOL.","TURK. ONLINE J. EDUC. TECHNOL.","TURKISH ONLINE JOURNAL OF EDUCATIONAL TECHNOLOGY"
"HEALTH EDUC. RES.","HEALTH EDUC. RES.","HEALTH EDUCATION RESEARCH"
"COMUNICAR","COMUNICAR","COMUNICAR"
"MEDIA CULT. SOC.","MEDIA CULT. SOC.","MEDIA CULTURE & SOCIETY"
"BIOSCIENCE","BIOSCIENCE","BIOSCIENCE"
"ANN. NEUROL.","ANN. NEUROL.","ANNALS OF NEUROLOGY"
"HEALTH EDUC. RES.","HEALTH EDUC. RES.","HEALTH EDUCATION RESEARCH"
"EDUC. CHANG.","EDUC. CHANG.","EDUCATION AS CHANGE"
"ADV. CHILD DEVELOP. BEHAV.","ADV. CHILD DEVELOP. BEHAV.","ADVANCES IN CHILD DEVELOPMENT AND BEHAVIOR, VOLUME 41"
"COMPARE","COMPARE","COMPARE-A JOURNAL OF COMPARATIVE AND INTERNATIONAL EDUCATION"
"EDUC. XX1","EDUC. XX1","EDUCACION XX1"
"J. BROADCAST. ELECTRON. MEDIA","J. BROADCAST. ELECTRON. MEDIA","JOURNAL OF BROADCASTING & ELECTRONIC MEDIA"
"J. BROADCAST. ELECTRON. MEDIA","J. BROADCAST. ELECTRON. MEDIA","JOURNAL OF BROADCASTING & ELECTRONIC MEDIA"
"J. SCH. HEALTH","J. SCH. HEALTH","JOURNAL OF SCHOOL HEALTH"
"LIBR. HI TECH","LIBR. HI TECH","LIBRARY HI TECH"
"PSYCHOL. HEALTH","PSYCHOL. HEALTH","PSYCHOLOGY & HEALTH"
"JAVNOST-PUBLIC","JAVNOST-PUBLIC","JAVNOST-THE PUBLIC"
"EUR. J. PUBLIC HEALTH","EUR. J. PUBLIC HEALTH","EUROPEAN JOURNAL OF PUBLIC HEALTH"
"MEDIA INT. AUST.","MEDIA INT. AUST.","MEDIA INTERNATIONAL AUSTRALIA"
"COMUNICAR","COMUNICAR","COMUNICAR"
"COMUNICAR","COMUNICAR","COMUNICAR"
"URBAN EDUC.","URBAN EDUC.","URBAN EDUCATION"
"ISLAMIC AFR.","ISLAMIC AFR.","ISLAMIC AFRICA"
"JOURNAL. MASS COMMUN. Q.","JOURNAL. MASS COMMUN. Q.","JOURNALISM & MASS COMMUNICATION QUARTERLY"
"PEDIATRICS","PEDIATRICS","PEDIATRICS"
"COMPUT. EDUC.","COMPUT. EDUC.","COMPUTERS & EDUCATION"
"EUR. J. CULT. STUD.","EUR. J. CULT. STUD.","EUROPEAN JOURNAL OF CULTURAL STUDIES"
"DEV. REV.","DEV. REV.","DEVELOPMENTAL REVIEW"
"INTERNET HIGH. EDUC.","INTERNET HIGH. EDUC.","INTERNET AND HIGHER EDUCATION"
"KURAM UYGULAMADA EGIT. BILIM.","KURAM UYGULAMADA EGIT. BILIM.","KURAM VE UYGULAMADA EGITIM BILIMLERI"
"ENG. TECH-PRAT. CRIT.","ENG. TECH-PRAT. CRIT.","ENGLISH TEACHING-PRACTICE AND CRITIQUE"
"ENG. TECH-PRAT. CRIT.","ENG. TECH-PRAT. CRIT.","ENGLISH TEACHING-PRACTICE AND CRITIQUE"
"ENG. TECH-PRAT. CRIT.","ENG. TECH-PRAT. CRIT.","ENGLISH TEACHING-PRACTICE AND CRITIQUE"
"COMUNICAR","COMUNICAR","COMUNICAR"
"J. ADOLESC. ADULT LIT.","J. ADOLESC. ADULT LIT.","JOURNAL OF ADOLESCENT & ADULT LITERACY"
"J. BROADCAST. ELECTRON. MEDIA","J. BROADCAST. ELECTRON. MEDIA","JOURNAL OF BROADCASTING & ELECTRONIC MEDIA"
"KURAM UYGULAMADA EGIT. BILIM.","KURAM UYGULAMADA EGIT. BILIM.","KURAM VE UYGULAMADA EGITIM BILIMLERI"
"LEARN. MEDIA TECHNOL.","LEARN. MEDIA TECHNOL.","LEARNING MEDIA AND TECHNOLOGY"
"ONLINE INF. REV.","ONLINE INF. REV.","ONLINE INFORMATION REVIEW"
"LITERACY","LITERACY","LITERACY"
"BR. J. EDUC. STUD.","BR. J. EDUC. STUD.","BRITISH JOURNAL OF EDUCATIONAL STUDIES"
"ONLINE","ONLINE","ONLINE"
"HEALTH EDUC. RES.","HEALTH EDUC. RES.","HEALTH EDUCATION RESEARCH"
"J. COMPUT.-MEDIAT. COMMUN.","J. COMPUT.-MEDIAT. COMMUN.","JOURNAL OF COMPUTER-MEDIATED COMMUNICATION"
"J. AM. ACAD. CHILD ADOLESC. PSYCHIATR.","J. AM. ACAD. CHILD ADOLESC. PSYCHIATR.","JOURNAL OF THE AMERICAN ACADEMY OF CHILD AND ADOLESCENT PSYCHIATRY"
"READ. TEACH.","READ. TEACH.","READING TEACHER"
"LITERACY","LITERACY","LITERACY"
"AM. J. HEALTH BEHAV.","AM. J. HEALTH BEHAV.","AMERICAN JOURNAL OF HEALTH BEHAVIOR"
"COMUNICAR","COMUNICAR","COMUNICAR"
"COMUNICAR","COMUNICAR","COMUNICAR"
"COMUNICAR","COMUNICAR","COMUNICAR"
"COMUNICAR","COMUNICAR","COMUNICAR"
"COMUNICAR","COMUNICAR","COMUNICAR"
"EDUC. LEADERSHIP","EDUC. LEADERSHIP","EDUCATIONAL LEADERSHIP"
"J. ADOLESC. ADULT LIT.","J. ADOLESC. ADULT LIT.","JOURNAL OF ADOLESCENT & ADULT LITERACY"
"HEALTH EDUC. RES.","HEALTH EDUC. RES.","HEALTH EDUCATION RESEARCH"
"DIDACT. SLOV.-PEDAGOS. OBZ.","DIDACT. SLOV.-PEDAGOS. OBZ.","DIDACTICA SLOVENICA-PEDAGOSKA OBZORJA"
"ENGL. AUST.","ENGL. AUST.","ENGLISH IN AUSTRALIA"
"HACET. UNIV. EGIT. FAK. DERG.","HACET. UNIV. EGIT. FAK. DERG.","HACETTEPE UNIVERSITESI EGITIM FAKULTESI DERGISI-HACETTEPE UNIVERSITY;   JOURNAL OF EDUCATION"
"INF. SOC.","INF. SOC.","INFORMATION SOCIETY"
"INT. J. COMMUN.","INT. J. COMMUN.","INTERNATIONAL JOURNAL OF COMMUNICATION"
"INT. J. CULT. POLICY","INT. J. CULT. POLICY","INTERNATIONAL JOURNAL OF CULTURAL POLICY"
"J. ACAD. LIBRARIANSH.","J. ACAD. LIBRARIANSH.","JOURNAL OF ACADEMIC LIBRARIANSHIP"
"J. HEALTH COMMUN.","J. HEALTH COMMUN.","JOURNAL OF HEALTH COMMUNICATION"
"J. LANG. POLIT.","J. LANG. POLIT.","JOURNAL OF LANGUAGE AND POLITICS"
"MEDIA PSYCHOL.","MEDIA PSYCHOL.","MEDIA PSYCHOLOGY"
"READ. TEACH.","READ. TEACH.","READING TEACHER"
"J. ADOLESC. ADULT LIT.","J. ADOLESC. ADULT LIT.","JOURNAL OF ADOLESCENT & ADULT LITERACY"
"COMUNICAR","COMUNICAR","COMUNICAR"
"COMUNICAR","COMUNICAR","COMUNICAR"
"HEALTH COMMUN.","HEALTH COMMUN.","HEALTH COMMUNICATION"
"J. CONSULT. CLIN. PSYCHOL.","J. CONSULT. CLIN. PSYCHOL.","JOURNAL OF CONSULTING AND CLINICAL PSYCHOLOGY"
"J. AM. ACAD. CHILD ADOLESC. PSYCHIATR.","J. AM. ACAD. CHILD ADOLESC. PSYCHIATR.","JOURNAL OF THE AMERICAN ACADEMY OF CHILD AND ADOLESCENT PSYCHIATRY"
"MEDIA INT. AUST.","MEDIA INT. AUST.","MEDIA INTERNATIONAL AUSTRALIA"
"MEDIA INT. AUST.","MEDIA INT. AUST.","MEDIA INTERNATIONAL AUSTRALIA"
"BR. J. EDUC. TECHNOL.","BR. J. EDUC. TECHNOL.","BRITISH JOURNAL OF EDUCATIONAL TECHNOLOGY"
"HEALTH EDUC. RES.","HEALTH EDUC. RES.","HEALTH EDUCATION RESEARCH"
"THEORY PRACT.","THEORY PRACT.","THEORY INTO PRACTICE"
"J. VIS. IMPAIR. BLIND.","J. VIS. IMPAIR. BLIND.","JOURNAL OF VISUAL IMPAIRMENT & BLINDNESS"
"COMUNICAR","COMUNICAR","COMUNICAR"
"COMUNICAR","COMUNICAR","COMUNICAR"
"ESTUD. SOBRE MENSAJE PERIODIS.","ESTUD. SOBRE MENSAJE PERIODIS.","ESTUDIOS SOBRE EL MENSAJE PERIODISTICO"
"INF. TARSAD.","INF. TARSAD.","INFORMACIOS TARSADALOM"
"INT. J. SCI. EDUC.","INT. J. SCI. EDUC.","INTERNATIONAL JOURNAL OF SCIENCE EDUCATION"
"SEMIOTICA","SEMIOTICA","SEMIOTICA"
"VIS. STUD.","VIS. STUD.","VISUAL STUDIES"
"VIS. STUD.","VIS. STUD.","VISUAL STUDIES"
"STUD. SECOND LANG. ACQUIS.","STUD. SECOND LANG. ACQUIS.","STUDIES IN SECOND LANGUAGE ACQUISITION"
"COMMUN. RES.","COMMUN. RES.","COMMUNICATION RESEARCH"
"REF. USER SERV. Q.","REF. USER SERV. Q.","REFERENCE & USER SERVICES QUARTERLY"
"J. ADVERT.","J. ADVERT.","JOURNAL OF ADVERTISING"
"JOURNAL. MASS COMMUN. Q.","JOURNAL. MASS COMMUN. Q.","JOURNALISM & MASS COMMUNICATION QUARTERLY"
"SEX ROLES","SEX ROLES","SEX ROLES"
"SOC. SCI. MED.","SOC. SCI. MED.","SOCIAL SCIENCE & MEDICINE"
"COMUNICAR","COMUNICAR","COMUNICAR"
"COMUNICAR","COMUNICAR","COMUNICAR"
"INT. J. ART DES. EDUC.","INT. J. ART DES. EDUC.","INTERNATIONAL JOURNAL OF ART & DESIGN EDUCATION"
"ENGL. AUST.","ENGL. AUST.","ENGLISH IN AUSTRALIA"
"HEALTH COMMUN.","HEALTH COMMUN.","HEALTH COMMUNICATION"
"HEALTH COMMUN.","HEALTH COMMUN.","HEALTH COMMUNICATION"
"BR. J. EDUC. PSYCHOL.","BR. J. EDUC. PSYCHOL.","BRITISH JOURNAL OF EDUCATIONAL PSYCHOLOGY"
"LANGUAGE","LANGUAGE","LANGUAGE"
"BR. J. EDUC. TECHNOL.","BR. J. EDUC. TECHNOL.","BRITISH JOURNAL OF EDUCATIONAL TECHNOLOGY"
"COLL. RES. LIBR.","COLL. RES. LIBR.","COLLEGE & RESEARCH LIBRARIES"
"J. ADOLESC. HEALTH","J. ADOLESC. HEALTH","JOURNAL OF ADOLESCENT HEALTH"
"J. ADOLESC. HEALTH","J. ADOLESC. HEALTH","JOURNAL OF ADOLESCENT HEALTH"
"EDUC. LEADERSHIP","EDUC. LEADERSHIP","EDUCATIONAL LEADERSHIP"
"J. ADOLESC. ADULT LIT.","J. ADOLESC. ADULT LIT.","JOURNAL OF ADOLESCENT & ADULT LITERACY"
"SCI. COMMUN.","SCI. COMMUN.","SCIENCE COMMUNICATION"
"INT. J. EATING DISORD.","INT. J. EATING DISORD.","INTERNATIONAL JOURNAL OF EATING DISORDERS"
"BR. J. EDUC. TECHNOL.","BR. J. EDUC. TECHNOL.","BRITISH JOURNAL OF EDUCATIONAL TECHNOLOGY"
"HISP. J. BEHAV. SCI.","HISP. J. BEHAV. SCI.","HISPANIC JOURNAL OF BEHAVIORAL SCIENCES"
"LANG. LEARN. TECHNOL.","LANG. LEARN. TECHNOL.","LANGUAGE LEARNING & TECHNOLOGY"
"LANG. LEARN. TECHNOL.","LANG. LEARN. TECHNOL.","LANGUAGE LEARNING & TECHNOLOGY"
"PEDIATR. DENT.","PEDIATR. DENT.","PEDIATRIC DENTISTRY"
"TEACH. COLL. REC.","TEACH. COLL. REC.","TEACHERS COLLEGE RECORD"
"ARCH. PEDIATR. ADOLESC. MED.","ARCH. PEDIATR. ADOLESC. MED.","ARCHIVES OF PEDIATRICS & ADOLESCENT MEDICINE"
"GENES GENET. SYST.","GENES GENET. SYST.","GENES & GENETIC SYSTEMS"
"J. ADOLESC. ADULT LIT.","J. ADOLESC. ADULT LIT.","JOURNAL OF ADOLESCENT & ADULT LITERACY"
"PEDIATRICS","PEDIATRICS","PEDIATRICS"
"J. ADOLESC. HEALTH","J. ADOLESC. HEALTH","JOURNAL OF ADOLESCENT HEALTH"
"NISCL. SOC.","NISCL. SOC.","DISCOURSE & SOCIETY"
"ELECTRON. LIBR.","ELECTRON. LIBR.","ELECTRONIC LIBRARY"
"FAM. COMMUNITY HEALTH","FAM. COMMUNITY HEALTH","FAMILY & COMMUNITY HEALTH"
"INT. J. ADVERT.","INT. J. ADVERT.","INTERNATIONAL JOURNAL OF ADVERTISING"
"WRIT. COMMUN.","WRIT. COMMUN.","WRITTEN COMMUNICATION"
"J. ADOLESC. ADULT LIT.","J. ADOLESC. ADULT LIT.","JOURNAL OF ADOLESCENT & ADULT LITERACY"
"J. COMMUN.","J. COMMUN.","JOURNAL OF COMMUNICATION"
"TEACH. COLL. REC.","TEACH. COLL. REC.","TEACHERS COLLEGE RECORD"
"CRIT. STUD. MEDIA COMM.","CRIT. STUD. MEDIA COMM.","CRITICAL STUDIES IN MEDIA COMMUNICATION"
"CHILD ADOLESC. PSYCHIATR. N. AM.","CHILD ADOLESC. PSYCHIATR. N. AM.","CHILD AND ADOLESCENT PSYCHIATRIC CLINICS OF NORTH AMERICA"
"J. LIBR. INF. SCI.","J. LIBR. INF. SCI.","JOURNAL OF LIBRARIANSHIP AND INFORMATION SCIENCE"
"JOURNAL. MASS COMMUN. Q.","JOURNAL. MASS COMMUN. Q.","JOURNALISM & MASS COMMUNICATION QUARTERLY"
"J. ADOLESC. ADULT LIT.","J. ADOLESC. ADULT LIT.","JOURNAL OF ADOLESCENT & ADULT LITERACY"
"CAN. J. DIET. PRACT. RES.","CAN. J. DIET. PRACT. RES.","CANADIAN JOURNAL OF DIETETIC PRACTICE AND RESEARCH"
NA,NA,"DIGITAL LIBRARIES: IMPLEMENTING STRATEGIES AND SHARING EXPERIENCES,;   PROCEEDINGS"
"HEALTH COMMUN.","HEALTH COMMUN.","HEALTH COMMUNICATION"
"J. LIT. RES.","J. LIT. RES.","JOURNAL OF LITERACY RESEARCH"
"AM. BEHAV. SCI.","AM. BEHAV. SCI.","AMERICAN BEHAVIORAL SCIENTIST"
"AM. BEHAV. SCI.","AM. BEHAV. SCI.","AMERICAN BEHAVIORAL SCIENTIST"
"AM. BEHAV. SCI.","AM. BEHAV. SCI.","AMERICAN BEHAVIORAL SCIENTIST"
"AM. BEHAV. SCI.","AM. BEHAV. SCI.","AMERICAN BEHAVIORAL SCIENTIST"
"AM. BEHAV. SCI.","AM. BEHAV. SCI.","AMERICAN BEHAVIORAL SCIENTIST"
"AM. BEHAV. SCI.","AM. BEHAV. SCI.","AMERICAN BEHAVIORAL SCIENTIST"
"AM. BEHAV. SCI.","AM. BEHAV. SCI.","AMERICAN BEHAVIORAL SCIENTIST"
"AM. BEHAV. SCI.","AM. BEHAV. SCI.","AMERICAN BEHAVIORAL SCIENTIST"
"AM. BEHAV. SCI.","AM. BEHAV. SCI.","AMERICAN BEHAVIORAL SCIENTIST"
"AM. BEHAV. SCI.","AM. BEHAV. SCI.","AMERICAN BEHAVIORAL SCIENTIST"
"AM. BEHAV. SCI.","AM. BEHAV. SCI.","AMERICAN BEHAVIORAL SCIENTIST"
"AM. BEHAV. SCI.","AM. BEHAV. SCI.","AMERICAN BEHAVIORAL SCIENTIST"
"AM. BEHAV. SCI.","AM. BEHAV. SCI.","AMERICAN BEHAVIORAL SCIENTIST"
"AM. BEHAV. SCI.","AM. BEHAV. SCI.","AMERICAN BEHAVIORAL SCIENTIST"
"AM. BEHAV. SCI.","AM. BEHAV. SCI.","AMERICAN BEHAVIORAL SCIENTIST"
"AM. BEHAV. SCI.","AM. BEHAV. SCI.","AMERICAN BEHAVIORAL SCIENTIST"
"AM. BEHAV. SCI.","AM. BEHAV. SCI.","AMERICAN BEHAVIORAL SCIENTIST"
"AM. BEHAV. SCI.","AM. BEHAV. SCI.","AMERICAN BEHAVIORAL SCIENTIST"
"AM. BEHAV. SCI.","AM. BEHAV. SCI.","AMERICAN BEHAVIORAL SCIENTIST"
"AM. BEHAV. SCI.","AM. BEHAV. SCI.","AMERICAN BEHAVIORAL SCIENTIST"
"BR. J. EDUC. STUD.","BR. J. EDUC. STUD.","BRITISH JOURNAL OF EDUCATIONAL STUDIES"
"COLL. COMPOST. COMMUN.","COLL. COMPOST. COMMUN.","COLLEGE COMPOSITION AND COMMUNICATION"
"EUR. J. COMMUN.","EUR. J. COMMUN.","EUROPEAN JOURNAL OF COMMUNICATION"
"J. RES. READ.","J. RES. READ.","JOURNAL OF RESEARCH IN READING"
"J. SOCIOLING.","J. SOCIOLING.","JOURNAL OF SOCIOLINGUISTICS"
"MEDIA CULT. SOC.","MEDIA CULT. SOC.","MEDIA CULTURE & SOCIETY"
"ANTHROPOL. EDUC. Q.","ANTHROPOL. EDUC. Q.","ANTHROPOLOGY & EDUCATION QUARTERLY"
"TELEV. Q.","TELEV. Q.","TELEVISION QUARTERLY"
"J. AM. DIET. ASSOC.","J. AM. DIET. ASSOC.","JOURNAL OF THE AMERICAN DIETETIC ASSOCIATION"
"ANTHROPOL. EDUC. Q.","ANTHROPOL. EDUC. Q.","ANTHROPOLOGY & EDUCATION QUARTERLY"
"J. AESTHET. EDUC.","J. AESTHET. EDUC.","JOURNAL OF AESTHETIC EDUCATION"
"MED. J. AUST.","MED. J. AUST.","MEDICAL JOURNAL OF AUSTRALIA"
"J. ADOLESC. ADULT LIT.","J. ADOLESC. ADULT LIT.","JOURNAL OF ADOLESCENT & ADULT LITERACY"
"RES. TEACH. ENGL.","RES. TEACH. ENGL.","RESEARCH IN THE TEACHING OF ENGLISH"
"YOUNG CHILD.","YOUNG CHILD.","YOUNG CHILDREN"
"J. SCH. HEALTH","J. SCH. HEALTH","JOURNAL OF SCHOOL HEALTH"
"READ. RES. Q.","READ. RES. Q.","READING RESEARCH QUARTERLY"
"READ. RES. Q.","READ. RES. Q.","READING RESEARCH QUARTERLY"
"READ. RES. Q.","READ. RES. Q.","READING RESEARCH QUARTERLY"
"READ. RES. Q.","READ. RES. Q.","READING RESEARCH QUARTERLY"
"J. HEALTH COMMUN.","J. HEALTH COMMUN.","JOURNAL OF HEALTH COMMUNICATION"
"INT. J. EATING DISORD.","INT. J. EATING DISORD.","INTERNATIONAL JOURNAL OF EATING DISORDERS"
"J. ADOLESC. ADULT LIT.","J. ADOLESC. ADULT LIT.","JOURNAL OF ADOLESCENT & ADULT LITERACY"
"COMPUT. EDUC.","COMPUT. EDUC.","COMPUTERS & EDUCATION"
"J. ADOLESC. ADULT LIT.","J. ADOLESC. ADULT LIT.","JOURNAL OF ADOLESCENT & ADULT LITERACY"
"CAN. MOD. LANG. REV.-REV. CAN. LANG. VIVANTES","CAN. MOD. LANG. REV.-REV. CAN. LANG. VIVANTES","CANADIAN MODERN LANGUAGE REVIEW-REVUE CANADIENNE DES LANGUES VIVANTES"
"PHI DELTA KAPPAN","PHI DELTA KAPPAN","PHI DELTA KAPPAN"
"EDUC. GERONTOL.","EDUC. GERONTOL.","EDUCATIONAL GERONTOLOGY"
"MEDIA CULT. SOC.","MEDIA CULT. SOC.","MEDIA CULTURE & SOCIETY"
"ONLINE","ONLINE","ONLINE"
"J. BROADCAST. ELECTRON. MEDIA","J. BROADCAST. ELECTRON. MEDIA","JOURNAL OF BROADCASTING & ELECTRONIC MEDIA"
"J. POP. FILM TELEV.","J. POP. FILM TELEV.","JOURNAL OF POPULAR FILM AND TELEVISION"
"J. POP. FILM TELEV.","J. POP. FILM TELEV.","JOURNAL OF POPULAR FILM AND TELEVISION"
