"id_paper","id_author"
"HEPPELER J, 2018, J ADOLESC ADULT LIT, V61, P567, DOI 10.1002/JAAL.726","HEPPELER J"
"HEPPELER J, 2018, J ADOLESC ADULT LIT, V61, P567, DOI 10.1002/JAAL.726","MANDERINO M"
"LI A, 2018, ASIA-PAC PSYCHIAT, V10, DOI 10.1111/APPY.12314","LI A"
"LI A, 2018, ASIA-PAC PSYCHIAT, V10, DOI 10.1111/APPY.12314","HUANG XX"
"LI A, 2018, ASIA-PAC PSYCHIAT, V10, DOI 10.1111/APPY.12314","JIAO DD"
"LI A, 2018, ASIA-PAC PSYCHIAT, V10, DOI 10.1111/APPY.12314","O'DEA B"
"LI A, 2018, ASIA-PAC PSYCHIAT, V10, DOI 10.1111/APPY.12314","ZHU TS"
"LI A, 2018, ASIA-PAC PSYCHIAT, V10, DOI 10.1111/APPY.12314","CHRISTENSEN H"
"JAYACHANDRAN J, 2018, J CREAT COMMUN, V13, DOI 10.1177/0973258617743625","JAYACHANDRAN J"
"JANG SM, 2018, COMPUT HUM BEHAV, V80, P295, DOI 10.1016/J.CHB.2017.11.034","JANG SM"
"JANG SM, 2018, COMPUT HUM BEHAV, V80, P295, DOI 10.1016/J.CHB.2017.11.034","KIM JK"
"CAN B, 2018, PAMUKKALE U EGIT FAK, P31, DOI 10.9779/PUJE847","CAN B"
"CAN B, 2018, PAMUKKALE U EGIT FAK, P31, DOI 10.9779/PUJE847","BESLER H"
"AUSTIN EW, 2018, J HEALTH COMMUN, V23, P190, DOI 10.1080/10810730.2018.1423649","AUSTIN EW"
"AUSTIN EW, 2018, J HEALTH COMMUN, V23, P190, DOI 10.1080/10810730.2018.1423649","AUSTIN BW"
"AUSTIN EW, 2018, J HEALTH COMMUN, V23, P190, DOI 10.1080/10810730.2018.1423649","FRENCH BF"
"AUSTIN EW, 2018, J HEALTH COMMUN, V23, P190, DOI 10.1080/10810730.2018.1423649","COHEN MA"
"WIJAYANI I, 2017, TURK ONLINE J DES AR, V7, P1379, DOI 10.7456/1070DSE/112","WIJAYANI I"
"WIJAYANI I, 2017, TURK ONLINE J DES AR, V7, P1379, DOI 10.7456/1070DSE/112","PRIYONO"
"TOROK M, 2017, SUICIDE LIFE-THREAT, V47, P672, DOI 10.1111/SLTB.12324","TOROK M"
"TOROK M, 2017, SUICIDE LIFE-THREAT, V47, P672, DOI 10.1111/SLTB.12324","CALEAR A"
"TOROK M, 2017, SUICIDE LIFE-THREAT, V47, P672, DOI 10.1111/SLTB.12324","SHAND F"
"TOROK M, 2017, SUICIDE LIFE-THREAT, V47, P672, DOI 10.1111/SLTB.12324","CHRISTENSEN H"
"VENTURA RC, 2017, EDUC SIGLO XXI, V35, P295","VENTURA RC"
"GHIRARDI ALR, 2017, LINHA AGUA, V30, P51, DOI 10.11606/ISSN.2236-4242.V30I2P51-69","GHIRARDI ALR"
"BARBOSA JP, 2017, LINHA AGUA, V30, P71, DOI 10.11606/ISSN.2236-4242.V30I2P71-91","BARBOSA JP"
"BARBOSA JP, 2017, LINHA AGUA, V30, P71, DOI 10.11606/ISSN.2236-4242.V30I2P71-91","SIMOES PHD"
"WENINGER C, 2017, TEACH TEACH EDUC, V67, P429, DOI 10.1016/J.TATE.2017.07.013","WENINGER C"
"WENINGER C, 2017, TEACH TEACH EDUC, V67, P429, DOI 10.1016/J.TATE.2017.07.013","HU GW"
"WENINGER C, 2017, TEACH TEACH EDUC, V67, P429, DOI 10.1016/J.TATE.2017.07.013","CHOO SS"
"AL-ISSA A, 2017, ARAB WORLD ENGL J, V8, P3, DOI 10.24093/AWEJ/VOL8NO3.1","AL-ISSA A"
"BIGELOW M, 2017, INT J INTERCULT REL, V60, P183, DOI 10.1016/J.IJINTREL.2017.04.002","BIGELOW M"
"BIGELOW M, 2017, INT J INTERCULT REL, V60, P183, DOI 10.1016/J.IJINTREL.2017.04.002","VANEK J"
"BIGELOW M, 2017, INT J INTERCULT REL, V60, P183, DOI 10.1016/J.IJINTREL.2017.04.002","KING K"
"BIGELOW M, 2017, INT J INTERCULT REL, V60, P183, DOI 10.1016/J.IJINTREL.2017.04.002","ABDI N"
"SCULL TM, 2017, J COMMUNITY PSYCHOL, V45, P796, DOI 10.1002/JCOP.21893","SCULL TM"
"SCULL TM, 2017, J COMMUNITY PSYCHOL, V45, P796, DOI 10.1002/JCOP.21893","KUPERSMIDT JB"
"SCULL TM, 2017, J COMMUNITY PSYCHOL, V45, P796, DOI 10.1002/JCOP.21893","WEATHERHOLT TN"
"MARAVER-LOPEZ P, 2017, UNIVERSITAS, P211, DOI 10.17163/UNI.N27.2017.10","MARAVER-LOPEZ P"
"MARAVER-LOPEZ P, 2017, UNIVERSITAS, P211, DOI 10.17163/UNI.N27.2017.10","CALDEIRO-PEDREIRA MC"
"MARAVER-LOPEZ P, 2017, UNIVERSITAS, P211, DOI 10.17163/UNI.N27.2017.10","PEREZ-LISBOA S"
"TREJO-QUINTANA J, 2017, PIXEL-BIT, P227, DOI 10.12795/PIXELBIT.2017.I51.015","TREJO-QUINTANA J"
"RODRIGUEZ-LOPEZ J, 2017, REV MEDITERR COMUN, V8, P161, DOI 10.14198/MEDCOM2017.8.2.11","RODRIGUEZ-LOPEZ J"
"WADE TD, 2017, INT J EAT DISORDER, V50, P731, DOI 10.1002/EAT.22689","WADE TD"
"WADE TD, 2017, INT J EAT DISORDER, V50, P731, DOI 10.1002/EAT.22689","WILKSCH SM"
"WADE TD, 2017, INT J EAT DISORDER, V50, P731, DOI 10.1002/EAT.22689","PAXTON SJ"
"WADE TD, 2017, INT J EAT DISORDER, V50, P731, DOI 10.1002/EAT.22689","BYRNE SM"
"WADE TD, 2017, INT J EAT DISORDER, V50, P731, DOI 10.1002/EAT.22689","AUSTIN SB"
"MCLEAN SA, 2017, INT J EAT DISORDER, V50, P847, DOI 10.1002/EAT.22708","MCLEAN SA"
"MCLEAN SA, 2017, INT J EAT DISORDER, V50, P847, DOI 10.1002/EAT.22708","WERTHEIM EH"
"MCLEAN SA, 2017, INT J EAT DISORDER, V50, P847, DOI 10.1002/EAT.22708","MASTERS J"
"MCLEAN SA, 2017, INT J EAT DISORDER, V50, P847, DOI 10.1002/EAT.22708","PAXTON SJ"
"WATERS S, 2017, J ADOLESC ADULT LIT, V61, P109, DOI 10.1002/JAAL.644","WATERS S"
"KNIBBE M, 2017, J PUBLIC HEALTH-UK, V39, P353, DOI 10.1093/PUBMED/FDW036","KNIBBE M"
"KNIBBE M, 2017, J PUBLIC HEALTH-UK, V39, P353, DOI 10.1093/PUBMED/FDW036","DE VRIES M"
"KNIBBE M, 2017, J PUBLIC HEALTH-UK, V39, P353, DOI 10.1093/PUBMED/FDW036","HORSTMAN K"
"LUCIDI F, 2017, FRONT PSYCHOL, V8, DOI 10.3389/FPSYG.2017.00749","LUCIDI F"
"LUCIDI F, 2017, FRONT PSYCHOL, V8, DOI 10.3389/FPSYG.2017.00749","MALLIA L"
"LUCIDI F, 2017, FRONT PSYCHOL, V8, DOI 10.3389/FPSYG.2017.00749","ALIVERNINI F"
"LUCIDI F, 2017, FRONT PSYCHOL, V8, DOI 10.3389/FPSYG.2017.00749","CHIRICO A"
"LUCIDI F, 2017, FRONT PSYCHOL, V8, DOI 10.3389/FPSYG.2017.00749","MANGANELLI S"
"LUCIDI F, 2017, FRONT PSYCHOL, V8, DOI 10.3389/FPSYG.2017.00749","GALLI F"
"LUCIDI F, 2017, FRONT PSYCHOL, V8, DOI 10.3389/FPSYG.2017.00749","BIASI V"
"LUCIDI F, 2017, FRONT PSYCHOL, V8, DOI 10.3389/FPSYG.2017.00749","ZELLI A"
"REY J, 2017, CONVERGENCIA, P187","REY J"
"REY J, 2017, CONVERGENCIA, P187","HERNANDEZ-SANTAOLALLA V"
"REY J, 2017, CONVERGENCIA, P187","SILVA-VERA F"
"REY J, 2017, CONVERGENCIA, P187","MEANDRO-FRAILE E"
"KELLY C, 2017, J ADOLESC ADULT LIT, V60, P655, DOI 10.1002/JAAL.614","KELLY C"
"KELLY C, 2017, J ADOLESC ADULT LIT, V60, P655, DOI 10.1002/JAAL.614","BROWER C"
"PETRANOVA D, 2017, COMMUN TODAY, V8, P52","PETRANOVA D"
"PETRANOVA D, 2017, COMMUN TODAY, V8, P52","HOSSOVA M"
"PETRANOVA D, 2017, COMMUN TODAY, V8, P52","VELICKY P"
"MORAVCIKOVA M, 2017, COMMUN TODAY, V8, P132","MORAVCIKOVA M"
"FIGUERAS-MAZ M, 2017, CATAL J COMMU CUL ST, V9, P135, DOI 10.1386/CJCS.9.1.135_1","FIGUERAS-MAZ M"
"FIGUERAS-MAZ M, 2017, CATAL J COMMU CUL ST, V9, P135, DOI 10.1386/CJCS.9.1.135_1","MASANET MJ"
"FIGUERAS-MAZ M, 2017, CATAL J COMMU CUL ST, V9, P135, DOI 10.1386/CJCS.9.1.135_1","FERRES J"
"MOEKOTTE P, 2017, EUR J RES EDUC LEARN, V8, P103, DOI 10.3384/RELA.2000-7426.RELA9115","MOEKOTTE P"
"MOEKOTTE P, 2017, EUR J RES EDUC LEARN, V8, P103, DOI 10.3384/RELA.2000-7426.RELA9115","BRAND-GRUWEL S"
"MOEKOTTE P, 2017, EUR J RES EDUC LEARN, V8, P103, DOI 10.3384/RELA.2000-7426.RELA9115","RITZEN H"
"MIHAILIDIS P, 2017, AM BEHAV SCI, V61, P441, DOI 10.1177/0002764217701217","MIHAILIDIS P"
"MIHAILIDIS P, 2017, AM BEHAV SCI, V61, P441, DOI 10.1177/0002764217701217","VIOTTY S"
"ROTHONI A, 2017, LINGUIST EDUC, V38, P92, DOI 10.1016/J.LINGED.2017.03.001","ROTHONI A"
"QUINTANAL F, 2017, J LEARN STYLES, V10, P106","QUINTANAL F"
"AIREY J, 2017, HIGH EDUC, V73, P561, DOI 10.1007/S10734-015-9950-2","AIREY J"
"AIREY J, 2017, HIGH EDUC, V73, P561, DOI 10.1007/S10734-015-9950-2","LAURIDSEN KM"
"AIREY J, 2017, HIGH EDUC, V73, P561, DOI 10.1007/S10734-015-9950-2","RASANEN A"
"AIREY J, 2017, HIGH EDUC, V73, P561, DOI 10.1007/S10734-015-9950-2","SALO L"
"AIREY J, 2017, HIGH EDUC, V73, P561, DOI 10.1007/S10734-015-9950-2","SCHWACH V"
"TULLY M, 2017, J BROADCAST ELECTRON, V61, P144, DOI 10.1080/08838151.2016.1273923","TULLY M"
"TULLY M, 2017, J BROADCAST ELECTRON, V61, P144, DOI 10.1080/08838151.2016.1273923","VRAGA EK"
"SAUNDERS JM, 2017, J ADOLESC ADULT LIT, V60, P515, DOI 10.1002/JAAL.617","SAUNDERS JM"
"SAUNDERS JM, 2017, J ADOLESC ADULT LIT, V60, P515, DOI 10.1002/JAAL.617","ASH GE"
"SAUNDERS JM, 2017, J ADOLESC ADULT LIT, V60, P515, DOI 10.1002/JAAL.617","SALAZAR I"
"SAUNDERS JM, 2017, J ADOLESC ADULT LIT, V60, P515, DOI 10.1002/JAAL.617","PRUITT R"
"SAUNDERS JM, 2017, J ADOLESC ADULT LIT, V60, P515, DOI 10.1002/JAAL.617","WALLACH D"
"SAUNDERS JM, 2017, J ADOLESC ADULT LIT, V60, P515, DOI 10.1002/JAAL.617","BREED E"
"SAUNDERS JM, 2017, J ADOLESC ADULT LIT, V60, P515, DOI 10.1002/JAAL.617","SALDANA S"
"SAUNDERS JM, 2017, J ADOLESC ADULT LIT, V60, P515, DOI 10.1002/JAAL.617","SZACHACZ A"
"WOHLWEND KE, 2017, EARLY YEARS, V37, P62, DOI 10.1080/09575146.2016.1219699","WOHLWEND KE"
"GORDON CS, 2017, BMC PUBLIC HEALTH, V17, DOI 10.1186/S12889-017-4031-3","GORDON CS"
"GORDON CS, 2017, BMC PUBLIC HEALTH, V17, DOI 10.1186/S12889-017-4031-3","KERVIN LK"
"GORDON CS, 2017, BMC PUBLIC HEALTH, V17, DOI 10.1186/S12889-017-4031-3","JONES SC"
"GORDON CS, 2017, BMC PUBLIC HEALTH, V17, DOI 10.1186/S12889-017-4031-3","HOWARD SJ"
"HU TT, 2017, EUR J COMMUN, V32, P79, DOI 10.1177/0267323116687823","HU TT"
"VELAZQUEZ I, 2017, INT J BILINGUAL, V21, P21, DOI 10.1177/1367006915596377","VELAZQUEZ I"
"ROGERS A, 2017, INT REV EDUC, V63, P137, DOI 10.1007/S11159-016-9600-7","ROGERS A"
"DUURSMA E, 2017, J CHILD FAM STUD, V26, P612, DOI 10.1007/S10826-016-0584-5","DUURSMA E"
"DUURSMA E, 2017, J CHILD FAM STUD, V26, P612, DOI 10.1007/S10826-016-0584-5","MEIJER A"
"DUURSMA E, 2017, J CHILD FAM STUD, V26, P612, DOI 10.1007/S10826-016-0584-5","DE BOT K"
"DANOV D, 2017, CHUZHDOEZIKOVO OBUC, V44, P42","DANOV D"
"OSMANCEVIC L, 2017, MEDIJSKE STUD, V8, P122","OSMANCEVIC L"
"FIIALKA S, 2017, MEDIAOBRAZOVANIE, P7","FIIALKA S"
"GALAKTIONOVA T, 2017, MEDIAOBRAZOVANIE, P47","GALAKTIONOVA T"
"GALAKTIONOVA T, 2017, MEDIAOBRAZOVANIE, P47","MOKSHINA Y"
"TEPLYASHINA AN, 2017, MEDIAOBRAZOVANIE, P62","TEPLYASHINA AN"
"TEPLYASHINA AN, 2017, MEDIAOBRAZOVANIE, P62","PAVLUSHKINA NA"
"WENINGER C, 2017, ASIA PAC J EDUC, V37, P500, DOI 10.1080/02188791.2017.1336429","WENINGER C"
"VAN AUDENHOVE L, 2017, TIJDSCHR COMMUNWET, V45, P244","VAN AUDENHOVE L"
"VAN AUDENHOVE L, 2017, TIJDSCHR COMMUNWET, V45, P244","VANWYNSBERGHE H"
"VAN AUDENHOVE L, 2017, TIJDSCHR COMMUNWET, V45, P244","MARIEN I"
"SYZONOV D, 2017, SCI EDUC-UKRAINE, P82, DOI 10.24195/2414-4665-2017-7-13","SYZONOV D"
"DANEELS R, 2017, CYBERPSYCHOLOGY, V11, DOI 10.5817/CP2017-3-5","DANEELS R"
"DANEELS R, 2017, CYBERPSYCHOLOGY, V11, DOI 10.5817/CP2017-3-5","VANWYNSBERGHE H"
"GARIFULLIN VZ, 2017, AD ALTA-INTERDISCIP, V7, P103","GARIFULLIN VZ"
"GARIFULLIN VZ, 2017, AD ALTA-INTERDISCIP, V7, P103","SABIROVA LR"
"DIAZ VM, 2017, EDMETIC, V6, P1","DIAZ VM"
"GUERRERO IMM, 2017, EDMETIC, V6, P149, DOI 10.21071/EDMETIC.V6I2.6943","GUERRERO IMM"
"GUERRERO IMM, 2017, EDMETIC, V6, P149, DOI 10.21071/EDMETIC.V6I2.6943","PAREJO JL"
"GUERRERO IMM, 2017, EDMETIC, V6, P149, DOI 10.21071/EDMETIC.V6I2.6943","DE LAS HERAS MD"
"POWELL M, 2017, LEARN MEDIA TECHNOL, V42, P378","POWELL M"
"POTTER J, 2017, LEARN MEDIA TECHNOL, V42, P387, DOI 10.1080/17439884.2017.1397019","POTTER J"
"LABAS D, 2017, NOVA PRISUT, V15, P211","LABAS D"
"LABAS D, 2017, NOVA PRISUT, V15, P211","MALES D"
"BONFIGLIO RP, 2017, BIBLIC INTERPRET, V25, P293, DOI 10.1163/15685152-00253P02","BONFIGLIO RP"
"[ANONYMOUS], 2017, MEDIAOBRAZOVANIE, P6","[ANONYMOUS]"
"GENDINA N, 2017, MEDIAOBRAZOVANIE, P27","GENDINA N"
"KITSA M, 2017, MEDIAOBRAZOVANIE, P79","KITSA M"
"JOANOU JP, 2017, MULTICULT PERSPECT, V19, P40, DOI 10.1080/15210960.2017.1267514","JOANOU JP"
"CHEN Y, 2017, HEALTH COMMUN, V32, P1310, DOI 10.1080/10410236.2016.1220041","CHEN Y"
"CHEN Y, 2017, HEALTH COMMUN, V32, P1310, DOI 10.1080/10410236.2016.1220041","PORTER KJ"
"CHEN Y, 2017, HEALTH COMMUN, V32, P1310, DOI 10.1080/10410236.2016.1220041","ESTABROOKS PA"
"CHEN Y, 2017, HEALTH COMMUN, V32, P1310, DOI 10.1080/10410236.2016.1220041","ZOELLNER J"
"ASTAKHOVA LV, 2017, MEDIAOBRAZOVANIE, P14","ASTAKHOVA LV"
"KIM SJ, 2017, J CHILD MEDIA, V11, P198, DOI 10.1080/17482798.2017.1297246","KIM SJ"
"SCHREURS K, 2017, CAN J COMMUN, V42, P359, DOI 10.22230/CJC2017V42N2A3130","SCHREURS K"
"SCHREURS K, 2017, CAN J COMMUN, V42, P359, DOI 10.22230/CJC2017V42N2A3130","QUAN-HAASE A"
"SCHREURS K, 2017, CAN J COMMUN, V42, P359, DOI 10.22230/CJC2017V42N2A3130","MARTIN K"
"CUBBAGE J, 2017, J HUM BEHAV SOC ENVI, V27, P498, DOI 10.1080/10911359.2016.1184115","CUBBAGE J"
"CUBBAGE J, 2017, J HUM BEHAV SOC ENVI, V27, P498, DOI 10.1080/10911359.2016.1184115","GILLIANS P"
"CUBBAGE J, 2017, J HUM BEHAV SOC ENVI, V27, P498, DOI 10.1080/10911359.2016.1184115","ALGOOD C"
"CUBBAGE J, 2017, J HUM BEHAV SOC ENVI, V27, P498, DOI 10.1080/10911359.2016.1184115","RAMSEY VS"
"DHILLON M, 2017, J INDIAN ASSOC CHILD, V13, P48","DHILLON M"
"DHILLON M, 2017, J INDIAN ASSOC CHILD, V13, P48","DEEPAK S"
"HERZBERG TS, 2017, J VISUAL IMPAIR BLIN, V111, P49","HERZBERG TS"
"HERZBERG TS, 2017, J VISUAL IMPAIR BLIN, V111, P49","ROSENBLUM LP"
"HERZBERG TS, 2017, J VISUAL IMPAIR BLIN, V111, P49","ROBBINS ME"
"HOBBS R, 2017, BRIT J EDUC TECHNOL, V48, P7, DOI 10.1111/BJET.12326","HOBBS R"
"HOBBS R, 2017, BRIT J EDUC TECHNOL, V48, P7, DOI 10.1111/BJET.12326","TUZEL S"
"DIERGARTEN AK, 2017, J APPL DEV PSYCHOL, V48, P33, DOI 10.1016/J.APPDEV.2016.11.007","DIERGARTEN AK"
"DIERGARTEN AK, 2017, J APPL DEV PSYCHOL, V48, P33, DOI 10.1016/J.APPDEV.2016.11.007","MOCKEL T"
"DIERGARTEN AK, 2017, J APPL DEV PSYCHOL, V48, P33, DOI 10.1016/J.APPDEV.2016.11.007","NIEDING G"
"DIERGARTEN AK, 2017, J APPL DEV PSYCHOL, V48, P33, DOI 10.1016/J.APPDEV.2016.11.007","OHLER P"
"SCARCELLI CM, 2016, TECNOSCIENZA, V7, P81","SCARCELLI CM"
"SCARCELLI CM, 2016, TECNOSCIENZA, V7, P81","RIVA C"
"KARAA IE, 2016, EDUC SCI-THEOR PRACT, V16, P1865, DOI 10.12738/ESTP.2016.6.0415","KARAA IE"
"KARAA IE, 2016, EDUC SCI-THEOR PRACT, V16, P1865, DOI 10.12738/ESTP.2016.6.0415","KUGU TD"
"BICKEL L, 2016, BIBL FORSCH PRAX, V40, P378, DOI 10.1515/BFP-2016-0060","BICKEL L"
"BICKEL L, 2016, BIBL FORSCH PRAX, V40, P378, DOI 10.1515/BFP-2016-0060","SCHOLZ W"
"BICKEL L, 2016, BIBL FORSCH PRAX, V40, P378, DOI 10.1515/BFP-2016-0060","TOCHTERMANN K"
"MCLEAN SA, 2016, BODY IMAGE, V19, P9, DOI 10.1016/J.BODYIM.2016.08.002","MCLEAN SA"
"MCLEAN SA, 2016, BODY IMAGE, V19, P9, DOI 10.1016/J.BODYIM.2016.08.002","PAXTON SJ"
"MCLEAN SA, 2016, BODY IMAGE, V19, P9, DOI 10.1016/J.BODYIM.2016.08.002","WERTHEIM EH"
"MORAVCIKOVA M, 2016, EUR J SCI THEOL, V12, P211","MORAVCIKOVA M"
"MORAVCIKOVA M, 2016, EUR J SCI THEOL, V12, P211","BURIANOVA L"
"MCLEAN SA, 2016, J EAT DISORD, V4, DOI 10.1186/S40337-016-0116-0","MCLEAN SA"
"MCLEAN SA, 2016, J EAT DISORD, V4, DOI 10.1186/S40337-016-0116-0","PAXTON SJ"
"MCLEAN SA, 2016, J EAT DISORD, V4, DOI 10.1186/S40337-016-0116-0","WERTHEIM EH"
"SORIANO CRR, 2016, INFORM SOC, V32, P354, DOI 10.1080/01972243.2016.1212620","SORIANO CRR"
"VRABEC N, 2016, COMMUN TODAY, V7, P100","VRABEC N"
"VRABEC N, 2016, COMMUN TODAY, V7, P100","BUCKINGHAM D"
"VRABEC N, 2016, COMMUN TODAY, V7, P100","FEDOROV A"
"GORDON CS, 2016, J STUD ALCOHOL DRUGS, V77, P950, DOI 10.15288/JSAD.2016.77.950","GORDON CS"
"GORDON CS, 2016, J STUD ALCOHOL DRUGS, V77, P950, DOI 10.15288/JSAD.2016.77.950","HOWARD SJ"
"GORDON CS, 2016, J STUD ALCOHOL DRUGS, V77, P950, DOI 10.15288/JSAD.2016.77.950","JONES SC"
"GORDON CS, 2016, J STUD ALCOHOL DRUGS, V77, P950, DOI 10.15288/JSAD.2016.77.950","KERVIN LK"
"KLINE K, 2016, EDUC THEORY, V66, P641, DOI 10.1111/EDTH.12203","KLINE K"
"BIER MC, 2016, J SCHOOL HEALTH, V86, P717, DOI 10.1111/JOSH.12425","BIER MC"
"BIER MC, 2016, J SCHOOL HEALTH, V86, P717, DOI 10.1111/JOSH.12425","ZWARUN L"
"BIER MC, 2016, J SCHOOL HEALTH, V86, P717, DOI 10.1111/JOSH.12425","SHERBLOM SA"
"NUPAIROJ N, 2016, COMUNICAR, P29, DOI 10.3916/C49-2016-03","NUPAIROJ N"
"CAPRINO MP, 2016, COMUNICAR, P39, DOI 10.3916/C49-2016-04","CAPRINO MP"
"CAPRINO MP, 2016, COMUNICAR, P39, DOI 10.3916/C49-2016-04","MARTINEZ-CERDA JF"
"GONZALEZ-FERNANDEZ N, 2016, CULT EDUC, V28, P468, DOI 10.1080/11356405.2016.1196898","GONZALEZ-FERNANDEZ N"
"GONZALEZ-FERNANDEZ N, 2016, CULT EDUC, V28, P468, DOI 10.1080/11356405.2016.1196898","SALCINES-TALLEDO I"
"GONZALEZ-FERNANDEZ N, 2016, CULT EDUC, V28, P468, DOI 10.1080/11356405.2016.1196898","MARAVER-LOPEZ P"
"ZHANG Z, 2016, TEACH TEACH EDUC, V59, P146, DOI 10.1016/J.TATE.2016.05.017","ZHANG Z"
"ZHANG Z, 2016, TEACH TEACH EDUC, V59, P146, DOI 10.1016/J.TATE.2016.05.017","LI J"
"ZHANG Z, 2016, TEACH TEACH EDUC, V59, P146, DOI 10.1016/J.TATE.2016.05.017","LIU FF"
"ZHANG Z, 2016, TEACH TEACH EDUC, V59, P146, DOI 10.1016/J.TATE.2016.05.017","MIAO Z"
"BELOVA N, 2016, INT J SCI MATH EDUC, V14, P1233, DOI 10.1007/S10763-015-9650-5","BELOVA N"
"BELOVA N, 2016, INT J SCI MATH EDUC, V14, P1233, DOI 10.1007/S10763-015-9650-5","EILKS I"
"FRIESEM E, 2016, J COMMUN INQ, V40, P370, DOI 10.1177/0196859916656837","FRIESEM E"
"KOC M, 2016, COMPUT HUM BEHAV, V63, P834, DOI 10.1016/J.CHB.2016.06.035","KOC M"
"KOC M, 2016, COMPUT HUM BEHAV, V63, P834, DOI 10.1016/J.CHB.2016.06.035","BARUT E"
"MUDHAI OF, 2016, J AFR MEDIA STUD, V8, P267, DOI 10.1386/JAMS.8.3.267_1","MUDHAI OF"
"MUDHAI OF, 2016, J AFR MEDIA STUD, V8, P267, DOI 10.1386/JAMS.8.3.267_1","WRIGHT B"
"MUDHAI OF, 2016, J AFR MEDIA STUD, V8, P267, DOI 10.1386/JAMS.8.3.267_1","MUSA A"
"HAYNAL K, 2016, J MASS COMMUN Q, V93, P684, DOI 10.1177/1077699016659075C","HAYNAL K"
"PARSONS CE, 2016, INT J BILING EDUC BI, V19, P511, DOI 10.1080/13670050.2015.1019412","PARSONS CE"
"PARSONS CE, 2016, INT J BILING EDUC BI, V19, P511, DOI 10.1080/13670050.2015.1019412","LYDDY F"
"ZHANG H, 2016, ASIA-PAC EDUC RES, V25, P579, DOI 10.1007/S40299-016-0285-2","ZHANG H"
"ZHANG H, 2016, ASIA-PAC EDUC RES, V25, P579, DOI 10.1007/S40299-016-0285-2","ZHU C"
"MCLEAN SA, 2016, J YOUTH ADOLESCENCE, V45, P1678, DOI 10.1007/S10964-016-0440-3","MCLEAN SA"
"MCLEAN SA, 2016, J YOUTH ADOLESCENCE, V45, P1678, DOI 10.1007/S10964-016-0440-3","PAXTON SJ"
"MCLEAN SA, 2016, J YOUTH ADOLESCENCE, V45, P1678, DOI 10.1007/S10964-016-0440-3","WERTHEIM EH"
"GARCIA AR, 2016, AULA ABIERTA, V44, P55, DOI 10.1016/J.AULA.2015.08.002","GARCIA AR"
"GARCIA AR, 2016, AULA ABIERTA, V44, P55, DOI 10.1016/J.AULA.2015.08.002","ARELLANO PR"
"GARCIA AR, 2016, AULA ABIERTA, V44, P55, DOI 10.1016/J.AULA.2015.08.002","AGUADED I"
"RANIERI M, 2016, EUR EDUC RES J, V15, P462, DOI 10.1177/1474904116629685","RANIERI M"
"RANIERI M, 2016, EUR EDUC RES J, V15, P462, DOI 10.1177/1474904116629685","FABBRO F"
"HERGUETA-COVACHO E, 2016, REV MEDITERR COMUN, V7, P47, DOI 10.14198/MEDCOM2016.7.2.4","HERGUETA-COVACHO E"
"HERGUETA-COVACHO E, 2016, REV MEDITERR COMUN, V7, P47, DOI 10.14198/MEDCOM2016.7.2.4","MARTA-LAZO C"
"HERGUETA-COVACHO E, 2016, REV MEDITERR COMUN, V7, P47, DOI 10.14198/MEDCOM2016.7.2.4","GABELAS-BARROSO JA"
"GIL-QUINTANA J, 2016, REV MEDITERR COMUN, V7, P59, DOI 10.1498/MEDCOM2016.7.2.5","GIL-QUINTANA J"
"APARICI R, 2016, ESPACIOS BLANCO, V26, P35","APARICI R"
"APARICI R, 2016, ESPACIOS BLANCO, V26, P35","MATILLA AG"
"JIMENEZ VM, 2016, PRISM SOC, P322","JIMENEZ VM"
"JIMENEZ VM, 2016, PRISM SOC, P322","HERENCIA CB"
"JIMENEZ VM, 2016, PRISM SOC, P322","HERNANDEZ DE"
"AARSAND P, 2016, DISCOURSE CONTEXT ME, V12, P20, DOI 10.1016/J.DCM.2016.03.002","AARSAND P"
"AARSAND P, 2016, DISCOURSE CONTEXT ME, V12, P20, DOI 10.1016/J.DCM.2016.03.002","MELANDER H"
"GORDON CS, 2016, AUST NZ J PUBL HEAL, V40, P231, DOI 10.1111/1753-6405.12459","GORDON CS"
"GORDON CS, 2016, AUST NZ J PUBL HEAL, V40, P231, DOI 10.1111/1753-6405.12459","JONES SC"
"GORDON CS, 2016, AUST NZ J PUBL HEAL, V40, P231, DOI 10.1111/1753-6405.12459","KERVIN L"
"GORDON CS, 2016, AUST NZ J PUBL HEAL, V40, P231, DOI 10.1111/1753-6405.12459","LEE JK"
"SOBRINO MAO, 2016, PRISM SOC, P279","SOBRINO MAO"
"SOBRINO MAO, 2016, PRISM SOC, P279","MARTA-LAZO C"
"GOMEZ PN, 2016, PRISM SOC, P311","GOMEZ PN"
"GOMEZ PN, 2016, PRISM SOC, P311","BRUNNER MH"
"GOMEZ PN, 2016, PRISM SOC, P311","OCANA BL"
"GOMEZ PN, 2016, PRISM SOC, P311","ESTABLES MJ"
"JENSON J, 2016, ELECTRON J E-LEARN, V14, P111","JENSON J"
"JENSON J, 2016, ELECTRON J E-LEARN, V14, P111","DROUMEVA M"
"VLIEGHE J, 2016, NEW MEDIA SOC, V18, P800, DOI 10.1177/1461444814547683","VLIEGHE J"
"VLIEGHE J, 2016, NEW MEDIA SOC, V18, P800, DOI 10.1177/1461444814547683","VANDERMEERSCHE G"
"VLIEGHE J, 2016, NEW MEDIA SOC, V18, P800, DOI 10.1177/1461444814547683","SOETAERT R"
"NELSON KM, 2016, ARCH SEX BEHAV, V45, P787, DOI 10.1007/S10508-016-0712-8","NELSON KM"
"NELSON KM, 2016, ARCH SEX BEHAV, V45, P787, DOI 10.1007/S10508-016-0712-8","CAREY MP"
"RIVERA R, 2016, EVALUATION REV, V40, P142, DOI 10.1177/0193841X16666196","RIVERA R"
"RIVERA R, 2016, EVALUATION REV, V40, P142, DOI 10.1177/0193841X16666196","SANTOS D"
"RIVERA R, 2016, EVALUATION REV, V40, P142, DOI 10.1177/0193841X16666196","BRANDLE G"
"RIVERA R, 2016, EVALUATION REV, V40, P142, DOI 10.1177/0193841X16666196","CARDABA MAM"
"AYHAN C, 2016, TURK ONLINE J DES AR, V6, P91, DOI 10.7456/10602100/003","AYHAN C"
"AYHAN C, 2016, TURK ONLINE J DES AR, V6, P91, DOI 10.7456/10602100/003","DOMITRAN Z"
"AYHAN C, 2016, TURK ONLINE J DES AR, V6, P91, DOI 10.7456/10602100/003","RADUNOVIC N"
"AYHAN C, 2016, TURK ONLINE J DES AR, V6, P91, DOI 10.7456/10602100/003","TAVAKOLI SD"
"SUPSAKOVA B, 2016, COMMUN TODAY, V7","SUPSAKOVA B"
"CHANG FC, 2016, J HEALTH PSYCHOL, V21, P513, DOI 10.1177/1359105314530451","CHANG FC"
"CHANG FC, 2016, J HEALTH PSYCHOL, V21, P513, DOI 10.1177/1359105314530451","MIAO NF"
"CHANG FC, 2016, J HEALTH PSYCHOL, V21, P513, DOI 10.1177/1359105314530451","LEE CM"
"CHANG FC, 2016, J HEALTH PSYCHOL, V21, P513, DOI 10.1177/1359105314530451","CHEN PH"
"CHANG FC, 2016, J HEALTH PSYCHOL, V21, P513, DOI 10.1177/1359105314530451","CHIU CH"
"CHANG FC, 2016, J HEALTH PSYCHOL, V21, P513, DOI 10.1177/1359105314530451","LEE SC"
"KUNG FW, 2016, ASIA-PAC EDUC RES, V25, P337, DOI 10.1007/S40299-015-0268-8","KUNG FW"
"BARUT E, 2016, CUKUROVA UNIV FAC ED, V45, P49","BARUT E"
"BARUT E, 2016, CUKUROVA UNIV FAC ED, V45, P49","DEMIRER V"
"BARUT E, 2016, CUKUROVA UNIV FAC ED, V45, P49","ERBAS C"
"BARUT E, 2016, CUKUROVA UNIV FAC ED, V45, P49","DIKMEN CH"
"BARUT E, 2016, CUKUROVA UNIV FAC ED, V45, P49","SAK N"
"AMES MG, 2016, INFORM SOC, V32, P85, DOI 10.1080/01972243.2016.1130497","AMES MG"
"STORKSDIECK M, 2016, CULT STUD SCI EDUCAT, V11, P167, DOI 10.1007/S11422-015-9714-4","STORKSDIECK M"
"LEN-RIOS ME, 2016, PUBLIC RELAT REV, V42, P101, DOI 10.1016/J.PUBREV.2015.10.003","LEN-RIOS ME"
"LEN-RIOS ME, 2016, PUBLIC RELAT REV, V42, P101, DOI 10.1016/J.PUBREV.2015.10.003","HUGHES HE"
"LEN-RIOS ME, 2016, PUBLIC RELAT REV, V42, P101, DOI 10.1016/J.PUBREV.2015.10.003","MCKEE LG"
"LEN-RIOS ME, 2016, PUBLIC RELAT REV, V42, P101, DOI 10.1016/J.PUBREV.2015.10.003","YOUNG HN"
"NEAG A, 2016, CENT EUR J COMMUN, V9, P104, DOI 10.19195/1899-5101.9.1(16).7","NEAG A"
"PEEK HS, 2016, ACAD PSYCHIATR, V40, P177, DOI 10.1007/S40596-015-0382-1","PEEK HS"
"PEEK HS, 2016, ACAD PSYCHIATR, V40, P177, DOI 10.1007/S40596-015-0382-1","BERESIN E"
"SHENSA A, 2016, HEALTH EDUC RES, V31, P48, DOI 10.1093/HER/CYV062","SHENSA A"
"SHENSA A, 2016, HEALTH EDUC RES, V31, P48, DOI 10.1093/HER/CYV062","PHELPS-TSCHANG J"
"SHENSA A, 2016, HEALTH EDUC RES, V31, P48, DOI 10.1093/HER/CYV062","MILLER E"
"SHENSA A, 2016, HEALTH EDUC RES, V31, P48, DOI 10.1093/HER/CYV062","PRIMACK BA"
"KESLER T, 2016, READ WRIT Q, V32, P1, DOI 10.1080/10573569.2013.857976","KESLER T"
"KESLER T, 2016, READ WRIT Q, V32, P1, DOI 10.1080/10573569.2013.857976","TINIO PPL"
"KESLER T, 2016, READ WRIT Q, V32, P1, DOI 10.1080/10573569.2013.857976","NOLAN BT"
"KIURU KV, 2016, ART-SANAT, P460","KIURU KV"
"KIURU KV, 2016, ART-SANAT, P460","POPOVA EE"
"RUZIC N, 2016, NOVA PRISUT, V14, P69","RUZIC N"
"PERAN S, 2016, NOVA PRISUT, V14, P379","PERAN S"
"PERAN S, 2016, NOVA PRISUT, V14, P379","RAGUZ A"
"CHEUNG CK, 2016, INT J ADOLESC YOUTH, V21, P215, DOI 10.1080/02673843.2013.821078","CHEUNG CK"
"CHEUNG CK, 2016, INT J ADOLESC YOUTH, V21, P215, DOI 10.1080/02673843.2013.821078","XU W"
"CHUEN EM, 2016, J KOMUN, V32, P691","CHUEN EM"
"CHUEN EM, 2016, J KOMUN, V32, P691","MICHAEL E"
"CHUEN EM, 2016, J KOMUN, V32, P691","TECK TB"
"PAGAN FJB, 2016, PROFESORADO, V20, P199","PAGAN FJB"
"PAGAN FJB, 2016, PROFESORADO, V20, P199","BUENDIA JM"
"AREVALO-MARTINEZ RI, 2016, REV LAT COMUN SOC, V71, P800, DOI 10.4185/RLCS-2016-1121","AREVALO-MARTINEZ RI"
"AREVALO-MARTINEZ RI, 2016, REV LAT COMUN SOC, V71, P800, DOI 10.4185/RLCS-2016-1121","DEL PRADO-FLORES R"
"AREVALO-MARTINEZ RI, 2016, REV LAT COMUN SOC, V71, P800, DOI 10.4185/RLCS-2016-1121","RAMIREZ-BELTRAN RT"
"FEDOROV A, 2016, EUR J CONTEMP EDUC, V16, P205, DOI 10.13187/EJCED.2016.16.205","FEDOROV A"
"FEDOROV A, 2016, EUR J CONTEMP EDUC, V16, P205, DOI 10.13187/EJCED.2016.16.205","LEVITSKAYA A"
"FEDOROV A, 2016, EUR J CONTEMP EDUC-a, V17, P324, DOI 10.13187/EJCED.2016.17.324","FEDOROV A"
"FEDOROV A, 2016, EUR J CONTEMP EDUC-a, V17, P324, DOI 10.13187/EJCED.2016.17.324","LEVITSKAYA A"
"FEDOROV A, 2016, EUR J CONTEMP EDUC-a, V17, P324, DOI 10.13187/EJCED.2016.17.324","CAMARERO E"
"SEKARASIH L, 2016, J CHILD MEDIA, V10, P369, DOI 10.1080/17482798.2016.1157503","SEKARASIH L"
"SEKARASIH L, 2016, J CHILD MEDIA, V10, P369, DOI 10.1080/17482798.2016.1157503","MCDERMOTT KW"
"SEKARASIH L, 2016, J CHILD MEDIA, V10, P369, DOI 10.1080/17482798.2016.1157503","O'MALLEY D"
"SEKARASIH L, 2016, J CHILD MEDIA, V10, P369, DOI 10.1080/17482798.2016.1157503","OLSON C"
"SEKARASIH L, 2016, J CHILD MEDIA, V10, P369, DOI 10.1080/17482798.2016.1157503","SCHARRER E"
"FLORES-KOULISH SA, 2016, J RES CHILD EDUC, V30, P349, DOI 10.1080/02568543.2016.1178673","FLORES-KOULISH SA"
"FLORES-KOULISH SA, 2016, J RES CHILD EDUC, V30, P349, DOI 10.1080/02568543.2016.1178673","SMITH-D'AREZZO WM"
"VOCKIC-AVDAGIC J, 2016, MEDIJSKE STUD, V7, P156","VOCKIC-AVDAGIC J"
"MACKNIGHT C, 2016, INT J ASIA PAC STUD, V12, P53, DOI 10.21315/IJAPS2016.12.S1.4","MACKNIGHT C"
"KAVANAUGH JR, 2016, REF SERV REV, V44, P132, DOI 10.1108/RSR-02-2016-0019","KAVANAUGH JR"
"KAVANAUGH JR, 2016, REF SERV REV, V44, P132, DOI 10.1108/RSR-02-2016-0019","LAVALLEE K"
"KAVANAUGH JR, 2016, REF SERV REV, V44, P132, DOI 10.1108/RSR-02-2016-0019","RUDD R"
"DRUICK Z, 2016, INT J COMMUN-US, V10, P1125","DRUICK Z"
"AYBEK B, 2016, EURASIAN J EDUC RES, P261, DOI 10.14689/EJER.2016.63.15","AYBEK B"
"ABRAMS LR, 2016, PUBLIC HEALTH GENOM, V19, P282, DOI 10.1159/000447944","ABRAMS LR"
"ABRAMS LR, 2016, PUBLIC HEALTH GENOM, V19, P282, DOI 10.1159/000447944","KOEHLY LM"
"ABRAMS LR, 2016, PUBLIC HEALTH GENOM, V19, P282, DOI 10.1159/000447944","HOOKER GW"
"ABRAMS LR, 2016, PUBLIC HEALTH GENOM, V19, P282, DOI 10.1159/000447944","PAQUIN RS"
"ABRAMS LR, 2016, PUBLIC HEALTH GENOM, V19, P282, DOI 10.1159/000447944","CAPELLA JN"
"ABRAMS LR, 2016, PUBLIC HEALTH GENOM, V19, P282, DOI 10.1159/000447944","MCBRIDE CM"
"MINASSIAN L, 2016, REV ANTHROPOL CONNAI, V10, P373, DOI 10.3917/RAC.032.0373","MINASSIAN L"
"EL-GUEBALY L, 2016, CAN J STUDY ADULT ED, V28, P65","EL-GUEBALY L"
"EL-GUEBALY L, 2016, CAN J STUDY ADULT ED, V28, P65","BUTTERWICK S"
"GOESSLING KP, 2016, MIND CULT ACT, V23, P179, DOI 10.1080/10749039.2016.1155624","GOESSLING KP"
"GERTRUDIX-BARRIO F, 2016, REV LATINOAM TECNOL, V15, P113, DOI 10.17398/1695-288X.15.2.113","GERTRUDIX-BARRIO F"
"GERTRUDIX-BARRIO F, 2016, REV LATINOAM TECNOL, V15, P113, DOI 10.17398/1695-288X.15.2.113","DE LA CUESTA MDG"
"GERTRUDIX-BARRIO F, 2016, REV LATINOAM TECNOL, V15, P113, DOI 10.17398/1695-288X.15.2.113","SAID-HUNG E"
"GERTRUDIX-BARRIO F, 2016, REV LATINOAM TECNOL, V15, P113, DOI 10.17398/1695-288X.15.2.113","CORREO JFDM"
"AUSTIN EW, 2016, J HEALTH COMMUN, V21, P600, DOI 10.1080/10810730.2016.1153761","AUSTIN EW"
"AUSTIN EW, 2016, J HEALTH COMMUN, V21, P600, DOI 10.1080/10810730.2016.1153761","MULDROW A"
"AUSTIN EW, 2016, J HEALTH COMMUN, V21, P600, DOI 10.1080/10810730.2016.1153761","AUSTIN BW"
"ROMERO-RODRIGUEZ LM, 2016, FONSECA, P11, DOI 10.14201/FJC2016121125","ROMERO-RODRIGUEZ LM"
"ROMERO-RODRIGUEZ LM, 2016, FONSECA, P11, DOI 10.14201/FJC2016121125","TORRES-TOUKOUMIDIS A"
"ROMERO-RODRIGUEZ LM, 2016, FONSECA, P11, DOI 10.14201/FJC2016121125","PEREZ-RODRIGUEZ MA"
"ROMERO-RODRIGUEZ LM, 2016, FONSECA, P11, DOI 10.14201/FJC2016121125","AGUADED I"
"CLAVERO IBANEZ DE GARAYO S, 2016, FONSECA, P167, DOI 10.14201/FJC201612167182","CLAVERO IBANEZ DE GARAYO S"
"MARTA-LAZO C, 2016, J UNIVERS COMPUT SCI, V22, P37","MARTA-LAZO C"
"MARTA-LAZO C, 2016, J UNIVERS COMPUT SCI, V22, P37","HERGUETA-COVACHO E"
"MARTA-LAZO C, 2016, J UNIVERS COMPUT SCI, V22, P37","GABELAS-BARROSO JA"
"PFAFF-RUDIGER S, 2016, J CHILD MEDIA, V10, P164, DOI 10.1080/17482798.2015.1127838","PFAFF-RUDIGER S"
"PFAFF-RUDIGER S, 2016, J CHILD MEDIA, V10, P164, DOI 10.1080/17482798.2015.1127838","RIESMEYER C"
"CRUZ XAN, 2016, REV LAT COMUN SOC, V71, P197, DOI 10.4185/RLCS-2016-1091","CRUZ XAN"
"LOZANOVA L, 2016, MEDIAOBRAZOVANIE, P47","LOZANOVA L"
"CHELYSHEVA I, 2016, MEDIAOBRAZOVANIE, P71","CHELYSHEVA I"
"MASON L, 2016, CURRICULUM INQ, V46, P79, DOI 10.1080/03626784.2015.1113511","MASON L"
"VANWESENBEECK I, 2016, J ADVERTISING, V45, P183, DOI 10.1080/00913367.2015.1123125","VANWESENBEECK I"
"VANWESENBEECK I, 2016, J ADVERTISING, V45, P183, DOI 10.1080/00913367.2015.1123125","WALRAVE M"
"VANWESENBEECK I, 2016, J ADVERTISING, V45, P183, DOI 10.1080/00913367.2015.1123125","PONNET K"
"WATSON A, 2016, J INVEST MED, V64, P303, DOI 10.1136/JIM-D-15-00013.386","WATSON A"
"NADIRAH MSN, 2016, INT FOOD RES J, V23, P381","NADIRAH MSN"
"NADIRAH MSN, 2016, INT FOOD RES J, V23, P381","GHAZALI H"
"NADIRAH MSN, 2016, INT FOOD RES J, V23, P381","BAKAR AZA"
"NADIRAH MSN, 2016, INT FOOD RES J, V23, P381","OTHMAN M"
"PATTERSON AN, 2016, MERIDIANS, V15, P40, DOI 10.2979/MERIDIANS.15.1.04","PATTERSON AN"
"PATTERSON AN, 2016, MERIDIANS, V15, P40, DOI 10.2979/MERIDIANS.15.1.04","HOWARD A"
"PATTERSON AN, 2016, MERIDIANS, V15, P40, DOI 10.2979/MERIDIANS.15.1.04","KINLOCH V"
"BANERJEE SC, 2015, TRANSL BEHAV MED, V5, P425, DOI 10.1007/S13142-015-0329-9","BANERJEE SC"
"BANERJEE SC, 2015, TRANSL BEHAV MED, V5, P425, DOI 10.1007/S13142-015-0329-9","GREENE K"
"BANERJEE SC, 2015, TRANSL BEHAV MED, V5, P425, DOI 10.1007/S13142-015-0329-9","MAGSAMEN-CONRAD K"
"BANERJEE SC, 2015, TRANSL BEHAV MED, V5, P425, DOI 10.1007/S13142-015-0329-9","ELEK E"
"BANERJEE SC, 2015, TRANSL BEHAV MED, V5, P425, DOI 10.1007/S13142-015-0329-9","HECHT ML"
"MILLINGTON B, 2015, J AGING STUD, V35, P160, DOI 10.1016/J.JAGING.2015.08.005","MILLINGTON B"
"MAGUIRE M, 2015, J MASS COMMUN Q, V92, P1020, DOI 10.1177/1077699015610327Q","MAGUIRE M"
"VANWYNSBERGHE H, 2015, J LIBR INF SCI, V47, P283, DOI 10.1177/0961000613520027","VANWYNSBERGHE H"
"VANWYNSBERGHE H, 2015, J LIBR INF SCI, V47, P283, DOI 10.1177/0961000613520027","VANDERLINDE R"
"VANWYNSBERGHE H, 2015, J LIBR INF SCI, V47, P283, DOI 10.1177/0961000613520027","GEORGES A"
"VANWYNSBERGHE H, 2015, J LIBR INF SCI, V47, P283, DOI 10.1177/0961000613520027","VERDEGEM P"
"LARCOM M, 2015, GERONTOLOGIST, V55, P213","LARCOM M"
"LARCOM M, 2015, GERONTOLOGIST, V55, P213","MCDONALD K"
"LARCOM M, 2015, GERONTOLOGIST, V55, P213","CELLUCCI N"
"LARCOM M, 2015, GERONTOLOGIST, V55, P213","MAGOLIS D"
"WEEDON A, 2015, CONVERGENCE-US, V21, P405, DOI 10.1177/1354856515601656","WEEDON A"
"WEEDON A, 2015, CONVERGENCE-US, V21, P405, DOI 10.1177/1354856515601656","KNIGHT J"
"MOSES AM, 2015, EARLY CHILD EDUC J, V43, P485, DOI 10.1007/S10643-015-0690-9","MOSES AM"
"MOSES AM, 2015, EARLY CHILD EDUC J, V43, P485, DOI 10.1007/S10643-015-0690-9","GOLOS DB"
"MOSES AM, 2015, EARLY CHILD EDUC J, V43, P485, DOI 10.1007/S10643-015-0690-9","BENNETT CM"
"PARK S, 2015, YOUTH SOC, V47, P829, DOI 10.1177/0044118X14561008","PARK S"
"PARK S, 2015, YOUTH SOC, V47, P829, DOI 10.1177/0044118X14561008","KIM EM"
"PARK S, 2015, YOUTH SOC, V47, P829, DOI 10.1177/0044118X14561008","NA EY"
"LIN TB, 2015, ASIA PAC J EDUC, V35, P423, DOI 10.1080/02188791.2013.860012","LIN TB"
"LIN TB, 2015, ASIA PAC J EDUC, V35, P423, DOI 10.1080/02188791.2013.860012","MOKHTAR IA"
"LIN TB, 2015, ASIA PAC J EDUC, V35, P423, DOI 10.1080/02188791.2013.860012","WANG LY"
"FRIAS-GUZMAN M, 2015, PERSPECT CIENC INF, V20, P15, DOI 10.1590/1981-5344/2393","FRIAS-GUZMAN M"
"ARISTIZABAL P, 2015, REV INVESTIG EDUC, V13, P243","ARISTIZABAL P"
"ARISTIZABAL P, 2015, REV INVESTIG EDUC, V13, P243","LASARTE G"
"ARISTIZABAL P, 2015, REV INVESTIG EDUC, V13, P243","TRESSERRAS A"
"PARTRIDGE RS, 2015, INT J BUS COMMUN, V52, P479, DOI 10.1177/2329488415598431","PARTRIDGE RS"
"BROCK M, 2015, J LANG LIT EDUC, V11, P197","BROCK M"
"PROKHOROV A, 2015, J FILM VIDEO, V67, P112","PROKHOROV A"
"PROKHOROV A, 2015, J FILM VIDEO, V67, P112","THERKELSEN J"
"GUERRERO-PICO M, 2015, PALABRA CLAVE, V18, P722, DOI 10.5294/PACLA.2015.18.3.5","GUERRERO-PICO M"
"DAVIS S, 2015, REV COMUN MIDIATICA, V10, P11","DAVIS S"
"DALTON RW, 2015, RELIG EDUC, V110, P395, DOI 10.1080/00344087.2015.1063963","DALTON RW"
"CARR PR, 2015, CRIT EDUC, V6, P1","CARR PR"
"CARR PR, 2015, CRIT EDUC, V6, P1","PLUIM GWJ"
"CARR PR, 2015, CRIT EDUC, V6, P1","HOWARD L"
"GORDON CS, 2015, HEALTH EDUC RES, V30, P682, DOI 10.1093/HER/CYV027","GORDON CS"
"GORDON CS, 2015, HEALTH EDUC RES, V30, P682, DOI 10.1093/HER/CYV027","JONES SC"
"GORDON CS, 2015, HEALTH EDUC RES, V30, P682, DOI 10.1093/HER/CYV027","KERVIN L"
"AUSTIN EW, 2015, MASS COMMUN SOC, V18, P399, DOI 10.1080/15205436.2014.1001909","AUSTIN EW"
"AUSTIN EW, 2015, MASS COMMUN SOC, V18, P399, DOI 10.1080/15205436.2014.1001909","PINKLETON BE"
"AUSTIN EW, 2015, MASS COMMUN SOC, V18, P399, DOI 10.1080/15205436.2014.1001909","CHEN YC"
"AUSTIN EW, 2015, MASS COMMUN SOC, V18, P399, DOI 10.1080/15205436.2014.1001909","AUSTIN BW"
"VRAGA EK, 2015, MASS COMMUN SOC, V18, P422, DOI 10.1080/15205436.2014.1001910","VRAGA EK"
"VRAGA EK, 2015, MASS COMMUN SOC, V18, P422, DOI 10.1080/15205436.2014.1001910","TULLY M"
"AGUADED I, 2015, RIED-REV IBEROAM EDU, V18, P275, DOI 10.5944/RIED.18.2.13407","AGUADED I"
"AGUADED I, 2015, RIED-REV IBEROAM EDU, V18, P275, DOI 10.5944/RIED.18.2.13407","MARIN-GUTIERREZ I"
"AGUADED I, 2015, RIED-REV IBEROAM EDU, V18, P275, DOI 10.5944/RIED.18.2.13407","DIAZ-PAREJO E"
"LEE L, 2015, COMPUT EDUC, V85, P84, DOI 10.1016/J.COMPEDU.2015.02.006","LEE L"
"LEE L, 2015, COMPUT EDUC, V85, P84, DOI 10.1016/J.COMPEDU.2015.02.006","CHEN DT"
"LEE L, 2015, COMPUT EDUC, V85, P84, DOI 10.1016/J.COMPEDU.2015.02.006","LI JY"
"LEE L, 2015, COMPUT EDUC, V85, P84, DOI 10.1016/J.COMPEDU.2015.02.006","LIN TB"
"MANDROLA J, 2015, J AM COLL CARDIOL, V65, P2461","MANDROLA J"
"CALDEIRO-PEDREIRA MC, 2015, REV DIGIT INVEST DOC, V9, P37","CALDEIRO-PEDREIRA MC"
"CALDEIRO-PEDREIRA MC, 2015, REV DIGIT INVEST DOC, V9, P37","AGUADED I"
"KARPATI A, 2015, INT J EDUC ART, V11, P330","KARPATI A"
"HINDMARSH CS, 2015, HEALTH EDUC RES, V30, P449, DOI 10.1093/HER/CYV015","HINDMARSH CS"
"HINDMARSH CS, 2015, HEALTH EDUC RES, V30, P449, DOI 10.1093/HER/CYV015","JONES SC"
"HINDMARSH CS, 2015, HEALTH EDUC RES, V30, P449, DOI 10.1093/HER/CYV015","KERVIN L"
"DEZUANNI M, 2015, J CURRICULUM STUD, V47, P416, DOI 10.1080/00220272.2014.966152","DEZUANNI M"
"RIBEIRO PESSOA MT, 2015, PROFESORADO, V19, P75","RIBEIRO PESSOA MT"
"RIBEIRO PESSOA MT, 2015, PROFESORADO, V19, P75","HERNANDEZ SERRANO MJ"
"RIBEIRO PESSOA MT, 2015, PROFESORADO, V19, P75","MUNOZ RODRIGUEZ JM"
"LIAO LL, 2015, ANN BEHAV MED, V49, PS107","LIAO LL"
"LIAO LL, 2015, ANN BEHAV MED, V49, PS107","LAI IJ"
"PEREIRA S, 2015, EDUC POLICY, V29, P316, DOI 10.1177/0895904813492378","PEREIRA S"
"PEREIRA S, 2015, EDUC POLICY, V29, P316, DOI 10.1177/0895904813492378","PEREIRA L"
"SCHARRER E, 2015, J SOC ISSUES, V71, P171, DOI 10.1111/JOSI.12103","SCHARRER E"
"SCHARRER E, 2015, J SOC ISSUES, V71, P171, DOI 10.1111/JOSI.12103","RAMASUBRAMANIAN S"
"TEICHERT L, 2015, J EARLY CHILD LIT, V15, P141, DOI 10.1177/1468798414552429","TEICHERT L"
"EGBERT J, 2015, TESOL J, V6, P177, DOI 10.1002/TESJ.182","EGBERT J"
"EGBERT J, 2015, TESOL J, V6, P177, DOI 10.1002/TESJ.182","NEVILLE C"
"MOHAMAD E, 2015, J KOMUN, V31, P83","MOHAMAD E"
"MOHAMAD E, 2015, J KOMUN, V31, P83","HANIFF NAM"
"MOHAMAD E, 2015, J KOMUN, V31, P83","SALLEH SM"
"MOHAMAD E, 2015, J KOMUN, V31, P83","AHMAD AL"
"MOHAMAD E, 2015, J KOMUN, V31, P83","HASHIM H"
"NAZIROGLU B, 2015, DINBILIMLERI AKAD AR, V15, P191","NAZIROGLU B"
"LEVITSKAYA A, 2015, EUR J CONTEMP EDUC, V14, P223, DOI 10.13187/EJCED.2015.14.223","LEVITSKAYA A"
"WANG ZJ, 2015, CHIN LANG DISCOURSE, V6, P104, DOI 10.1075/CLD.6.1.05WAN","WANG ZJ"
"TUCHO F, 2015, REV LAT COMUN SOC, V70, P689, DOI 10.4185/RLCS-2015-1066","TUCHO F"
"TUCHO F, 2015, REV LAT COMUN SOC, V70, P689, DOI 10.4185/RLCS-2015-1066","FERNANDEZ-PLANELLS A"
"TUCHO F, 2015, REV LAT COMUN SOC, V70, P689, DOI 10.4185/RLCS-2015-1066","LOZANO M"
"TUCHO F, 2015, REV LAT COMUN SOC, V70, P689, DOI 10.4185/RLCS-2015-1066","FIGUERAS-MAZ M"
"DORNALETECHE-RUIZ J, 2015, COMUNICAR, P177, DOI 10.3916/C44-2015-19","DORNALETECHE-RUIZ J"
"DORNALETECHE-RUIZ J, 2015, COMUNICAR, P177, DOI 10.3916/C44-2015-19","BUITRAGO-ALONSO A"
"DORNALETECHE-RUIZ J, 2015, COMUNICAR, P177, DOI 10.3916/C44-2015-19","MORENO-CARDENAL L"
"LOPEZ L, 2015, COMUNICAR, P187, DOI 10.3916/C44-2015-20","LOPEZ L"
"LOPEZ L, 2015, COMUNICAR, P187, DOI 10.3916/C44-2015-20","AGUADED MC"
"TEWKSBURY D, 2015, TRIPLEC-COMMUN CAPIT, V13, P526","TEWKSBURY D"
"BUITRAGO A, 2015, INDEX COMUN, V5, P101","BUITRAGO A"
"BUITRAGO A, 2015, INDEX COMUN, V5, P101","FERRES J"
"BUITRAGO A, 2015, INDEX COMUN, V5, P101","MATILLA AG"
"RABADAN AV, 2015, J NEW APPROACHES EDU, V4, P32, DOI 10.7821/NAER.2015.1.96","RABADAN AV"
"TSE CKW, 2015, JMIR RES PROTOC, V4, DOI 10.2196/RESPROT.3285","TSE CKW"
"TSE CKW, 2015, JMIR RES PROTOC, V4, DOI 10.2196/RESPROT.3285","BRIDGES SM"
"TSE CKW, 2015, JMIR RES PROTOC, V4, DOI 10.2196/RESPROT.3285","SRINIVASAN DP"
"TSE CKW, 2015, JMIR RES PROTOC, V4, DOI 10.2196/RESPROT.3285","CHENG BSS"
"CERIGATTO MP, 2015, INFORM SOC-ESTUD, V25, P39","CERIGATTO MP"
"CERIGATTO MP, 2015, INFORM SOC-ESTUD, V25, P39","CASARIN HDS"
"VANWYNSBERGHE H, 2015, TIJDSCHR COMMUNWET, V43, P84","VANWYNSBERGHE H"
"VANWYNSBERGHE H, 2015, TIJDSCHR COMMUNWET, V43, P84","BOUDRY E"
"VANWYNSBERGHE H, 2015, TIJDSCHR COMMUNWET, V43, P84","VERDEGEM P"
"JOCSON KM, 2015, CURRICULUM INQ, V45, P30, DOI 10.1080/03626784.2014.982490","JOCSON KM"
"BAILEY M, 2015, J INVEST MED, V63, P186","BAILEY M"
"BAILEY M, 2015, J INVEST MED, V63, P186","UIJTDEHAAGE S"
"MARTENS H, 2015, ATL J COMMUN, V23, P120, DOI 10.1080/15456870.2014.961636","MARTENS H"
"MARTENS H, 2015, ATL J COMMUN, V23, P120, DOI 10.1080/15456870.2014.961636","HOBBS R"
"MERCEA D, 2015, COMMUN REV, V18, P189, DOI 10.1080/10714421.2015.1058102","MERCEA D"
"SUN C, 2015, COMMUN REV, V18, P294, DOI 10.1080/10714421.2015.1085778","SUN C"
"SUN C, 2015, COMMUN REV, V18, P294, DOI 10.1080/10714421.2015.1085778","LIBERMAN R"
"SUN C, 2015, COMMUN REV, V18, P294, DOI 10.1080/10714421.2015.1085778","BUTLER A"
"SUN C, 2015, COMMUN REV, V18, P294, DOI 10.1080/10714421.2015.1085778","LEE SY"
"SUN C, 2015, COMMUN REV, V18, P294, DOI 10.1080/10714421.2015.1085778","WEBB R"
"FEDOROV A, 2015, EUR J CONTEMP EDUC, V13, P178, DOI 10.13187/EJCED.2015.13.178","FEDOROV A"
"YOUNG JA, 2015, J TECHNOL HUMAN SERV, V33, P72, DOI 10.1080/15228835.2014.998577","YOUNG JA"
"PEROVIC J, 2015, MEDIA COMMUN, V3, P91, DOI 10.17645/MAC.V3I4.335","PEROVIC J"
"CRUZ-DIAZ MR, 2015, MEDIAOBRAZOVANIE, P31","CRUZ-DIAZ MR"
"CRUZ-DIAZ MR, 2015, MEDIAOBRAZOVANIE, P31","GOMEZ MCA"
"CRUZ-DIAZ MR, 2015, MEDIAOBRAZOVANIE, P31","ROMERO LL"
"BARSUKOV V, 2015, MEDIAOBRAZOVANIE, P167","BARSUKOV V"
"DIAZ MDC, 2015, REDES COM, P86, DOI 10.15213/REDES.N12.P86","DIAZ MDC"
"DIAZ MDC, 2015, REDES COM, P86, DOI 10.15213/REDES.N12.P86","GARCIA SR"
"DIAZ MDC, 2015, REDES COM, P86, DOI 10.15213/REDES.N12.P86","RABASCO FP"
"GONZALEZ SC, 2015, REDES COM, P194, DOI 10.15213/REDES.N12.P194","GONZALEZ SC"
"GORDON CS, 2014, DRUG ALCOHOL REV, V33, P29","GORDON CS"
"GORDON CS, 2014, DRUG ALCOHOL REV, V33, P29","JONES SC"
"GORDON CS, 2014, DRUG ALCOHOL REV, V33, P29","KERVIN L"
"GORDON CS, 2014, DRUG ALCOHOL REV-a, V33, P29","GORDON CS"
"GORDON CS, 2014, DRUG ALCOHOL REV-a, V33, P29","JONES SC"
"GORDON CS, 2014, DRUG ALCOHOL REV-a, V33, P29","KERVIN L"
"DROTNER K, 2014, LEARN MEDIA TECHNOL, V39, P409, DOI 10.1080/17439884.2014.964255","DROTNER K"
"DROTNER K, 2014, LEARN MEDIA TECHNOL, V39, P409, DOI 10.1080/17439884.2014.964255","KOBBERNAGEL C"
"LIVINGSTONE S, 2014, COMMUNICATIONS-GER, V39, P283, DOI 10.1515/COMMUN-2014-0113","LIVINGSTONE S"
"ZHANG H, 2014, ASIA PAC EDUC REV, V15, P459, DOI 10.1007/S12564-014-9321-1","ZHANG H"
"ZHANG H, 2014, ASIA PAC EDUC REV, V15, P459, DOI 10.1007/S12564-014-9321-1","ZHU C"
"ZHANG H, 2014, ASIA PAC EDUC REV, V15, P459, DOI 10.1007/S12564-014-9321-1","SANG GY"
"WALTHER B, 2014, CYBERPSYCH BEH SOC N, V17, P616, DOI 10.1089/CYBER.2014.0173","WALTHER B"
"WALTHER B, 2014, CYBERPSYCH BEH SOC N, V17, P616, DOI 10.1089/CYBER.2014.0173","HANEWINKEL R"
"WALTHER B, 2014, CYBERPSYCH BEH SOC N, V17, P616, DOI 10.1089/CYBER.2014.0173","MORGENSTERN M"
"GARCIA-RUIZ R, 2014, COMUNICAR, P15, DOI 10.3916/C43-2014-01","GARCIA-RUIZ R"
"GARCIA-RUIZ R, 2014, COMUNICAR, P15, DOI 10.3916/C43-2014-01","RAMIREZ-GARCIA A"
"GARCIA-RUIZ R, 2014, COMUNICAR, P15, DOI 10.3916/C43-2014-01","RODRIGUEZ-ROSELL MM"
"LENTZ B, 2014, CRIT STUD MEDIA COMM, V31, P134, DOI 10.1080/15295036.2014.921318","LENTZ B"
"FINGAR KR, 2014, INJURY PREV, V20, P183, DOI 10.1136/INJURYPREV-2013-040815","FINGAR KR"
"FINGAR KR, 2014, INJURY PREV, V20, P183, DOI 10.1136/INJURYPREV-2013-040815","JOLLS T"
"TIMMS L, 2014, INT J SPEECH-LANG PA, V16, P327, DOI 10.3109/17549507.2013.872296","TIMMS L"
"TIMMS L, 2014, INT J SPEECH-LANG PA, V16, P327, DOI 10.3109/17549507.2013.872296","WILLIAMS C"
"TIMMS L, 2014, INT J SPEECH-LANG PA, V16, P327, DOI 10.3109/17549507.2013.872296","STOKES SF"
"TIMMS L, 2014, INT J SPEECH-LANG PA, V16, P327, DOI 10.3109/17549507.2013.872296","KANE R"
"MARTINEZ-CERDA JF, 2014, PROF INFORM, V23, P288, DOI 10.3145/EPI.2014.MAY.09","MARTINEZ-CERDA JF"
"MARTINEZ-CERDA JF, 2014, PROF INFORM, V23, P288, DOI 10.3145/EPI.2014.MAY.09","TORRENT-SELLENS J"
"LATHAM D, 2014, CHILD LIT EDUC, V45, P33, DOI 10.1007/S10583-013-9200-0","LATHAM D"
"LATHAM D, 2014, CHILD LIT EDUC, V45, P33, DOI 10.1007/S10583-013-9200-0","HOLLISTER JM"
"PRIMACK BA, 2014, J SCHOOL HEALTH, V84, P106, DOI 10.1111/JOSH.12130","PRIMACK BA"
"PRIMACK BA, 2014, J SCHOOL HEALTH, V84, P106, DOI 10.1111/JOSH.12130","DOUGLAS EL"
"PRIMACK BA, 2014, J SCHOOL HEALTH, V84, P106, DOI 10.1111/JOSH.12130","LAND SR"
"PRIMACK BA, 2014, J SCHOOL HEALTH, V84, P106, DOI 10.1111/JOSH.12130","MILLER E"
"PRIMACK BA, 2014, J SCHOOL HEALTH, V84, P106, DOI 10.1111/JOSH.12130","FINE MJ"
"PRIETO JD, 2014, HIST COMUN SOC, V19, P451, DOI 10.5209/REV_HICS.2014.V19.45041","PRIETO JD"
"YEKATERINA LK, 2014, NOV LIT OBOZR, P403","YEKATERINA LK"
"YEKATERINA LK, 2014, NOV LIT OBOZR, P403","SHOMOVA S"
"WIAZOWSKI J, 2014, ASSIST TECHNOL, V26, P227, DOI 10.1080/10400435.2014.928389","WIAZOWSKI J"
"VIDAUSKYTE L, 2014, LOGOS-VILNIUS, P77","VIDAUSKYTE L"
"VIDAUSKYTE L, 2014, LOGOS-VILNIUS, P77","SODEIKA T"
"SUR E, 2014, COMUNICAR, P119, DOI 10.3916/C42-2014-11","SUR E"
"SUR E, 2014, COMUNICAR, P119, DOI 10.3916/C42-2014-11","UNAL E"
"SUR E, 2014, COMUNICAR, P119, DOI 10.3916/C42-2014-11","ISERI K"
"LEE AYL, 2014, COMUNICAR, P137, DOI 10.3916/C42-2014-13","LEE AYL"
"LEE AYL, 2014, COMUNICAR, P137, DOI 10.3916/C42-2014-13","SO CYK"
"ABAD ALCALA L, 2014, COMUNICAR, P173, DOI 10.3916/C42-2014-17","ABAD ALCALA L"
"JANNETH SANTOS MARTINEZ C, 2013, HIST COMUN SOC, V18, P781, DOI 10.5209/REV_HICS.2013.V18.44365","JANNETH SANTOS MARTINEZ C"
"CAKMAK E, 2013, ANTHROPOLOGIST, V16, P531","CAKMAK E"
"MIHAILIDIS P, 2013, AM BEHAV SCI, V57, P1611, DOI 10.1177/0002764213489015","MIHAILIDIS P"
"MIHAILIDIS P, 2013, AM BEHAV SCI, V57, P1611, DOI 10.1177/0002764213489015","THEVENIN B"
"NEYS J, 2013, NEW MEDIA SOC, V15, P1199, DOI 10.1177/1461444813496212B","NEYS J"
"KAESTLE C, 2013, DRUG ALCOHOL REV, V32, P44","KAESTLE C"
"KAESTLE C, 2013, DRUG ALCOHOL REV, V32, P44","CHEN YS"
"WALLIS R, 2013, EUR J COMMUN, V28, P527, DOI 10.1177/0267323113483605","WALLIS R"
"WALLIS R, 2013, EUR J COMMUN, V28, P527, DOI 10.1177/0267323113483605","BUCKINGHAM D"
"LIN TB, 2013, EDUC TECHNOL SOC, V16, P160","LIN TB"
"LIN TB, 2013, EDUC TECHNOL SOC, V16, P160","LI JY"
"LIN TB, 2013, EDUC TECHNOL SOC, V16, P160","DENG F"
"LIN TB, 2013, EDUC TECHNOL SOC, V16, P160","LEE L"
"VRABEC N, 2013, EUR J SCI THEOL, V9, P211","VRABEC N"
"VRABEC N, 2013, EUR J SCI THEOL, V9, P211","POLIEVKOVA P"
"VRABEC N, 2013, EUR J SCI THEOL, V9, P211","MORAVCIKOVA M"
"CLARK LS, 2013, JOURNALISM, V14, P885, DOI 10.1177/1464884913478361","CLARK LS"
"ANTON CUADRADO R, 2013, HIST COMUN SOC, V18, P231, DOI 10.5209/REV_HICS.2013.V18.43963","ANTON CUADRADO R"
"ANTON CUADRADO R, 2013, HIST COMUN SOC, V18, P231, DOI 10.5209/REV_HICS.2013.V18.43963","LEVRATTO V"
"GOLOS DB, 2013, AM ANN DEAF, V158, P411, DOI 10.1353/AAD.2013.0039","GOLOS DB"
"GOLOS DB, 2013, AM ANN DEAF, V158, P411, DOI 10.1353/AAD.2013.0039","MOSES AM"
"TUZEL S, 2013, KURAM UYGUL EGIT BIL, V13, P2310","TUZEL S"
"RUTTEN K, 2013, CLCWEB-COMP LIT CULT, V15, DOI 10.7771/1481-4374.2238","RUTTEN K"
"RUTTEN K, 2013, CLCWEB-COMP LIT CULT, V15, DOI 10.7771/1481-4374.2238","VANDERMEERSCHE G"
"CASEY G, 2013, J ADOLESC ADULT LIT, V57, P60, DOI 10.1002/JAAL.216","CASEY G"
"KAESTLE CE, 2013, AM J HEALTH PROMOT, V27, P366, DOI 10.4278/AJHP.120221-ARB-105","KAESTLE CE"
"KAESTLE CE, 2013, AM J HEALTH PROMOT, V27, P366, DOI 10.4278/AJHP.120221-ARB-105","CHEN Y"
"KAESTLE CE, 2013, AM J HEALTH PROMOT, V27, P366, DOI 10.4278/AJHP.120221-ARB-105","ESTABROOKS PA"
"KAESTLE CE, 2013, AM J HEALTH PROMOT, V27, P366, DOI 10.4278/AJHP.120221-ARB-105","ZOELLNER J"
"KAESTLE CE, 2013, AM J HEALTH PROMOT, V27, P366, DOI 10.4278/AJHP.120221-ARB-105","BIGBY B"
"BAZALGETTE C, 2013, LITERACY, V47, P95, DOI 10.1111/J.1741-4369.2012.00666.X","BAZALGETTE C"
"BAZALGETTE C, 2013, LITERACY, V47, P95, DOI 10.1111/J.1741-4369.2012.00666.X","BUCKINGHAM D"
"MCLEAN SA, 2013, BODY IMAGE, V10, P282, DOI 10.1016/J.BODYIM.2013.01.009","MCLEAN SA"
"MCLEAN SA, 2013, BODY IMAGE, V10, P282, DOI 10.1016/J.BODYIM.2013.01.009","PAXTON SJ"
"MCLEAN SA, 2013, BODY IMAGE, V10, P282, DOI 10.1016/J.BODYIM.2013.01.009","WERTHEIM EH"
"ERSTAD O, 2013, JAVNOST-PUBLIC, V20, P83, DOI 10.1080/13183222.2013.11009115","ERSTAD O"
"ERSTAD O, 2013, JAVNOST-PUBLIC, V20, P83, DOI 10.1080/13183222.2013.11009115","AMDAM S"
"CHEN YC, 2013, J HEALTH COMMUN, V18, P723, DOI 10.1080/10810730.2012.757387","CHEN YC"
"LIM SS, 2013, LEARN MEDIA TECHNOL, V38, P145, DOI 10.1080/17439884.2013.756515","LIM SS"
"LIM SS, 2013, LEARN MEDIA TECHNOL, V38, P145, DOI 10.1080/17439884.2013.756515","BASNYAT I"
"LIM SS, 2013, LEARN MEDIA TECHNOL, V38, P145, DOI 10.1080/17439884.2013.756515","VADREVU S"
"LIM SS, 2013, LEARN MEDIA TECHNOL, V38, P145, DOI 10.1080/17439884.2013.756515","CHAN YH"
"HOBBS R, 2013, LEARN MEDIA TECHNOL, V38, P182, DOI 10.1080/17439884.2013.756517","HOBBS R"
"PARKER JK, 2013, J ADOLESC ADULT LIT, V56, P668, DOI 10.1002/JAAL.194","PARKER JK"
"YOUNG C, 2013, READ TEACH, V66, P670, DOI 10.1002/TRTR.1175","YOUNG C"
"YOUNG C, 2013, READ TEACH, V66, P670, DOI 10.1002/TRTR.1175","RASINSKI TV"
"ALVAREZ C, 2013, COMPUT EDUC, V63, P368, DOI 10.1016/J.COMPEDU.2012.12.019","ALVAREZ C"
"ALVAREZ C, 2013, COMPUT EDUC, V63, P368, DOI 10.1016/J.COMPEDU.2012.12.019","SALAVATI S"
"ALVAREZ C, 2013, COMPUT EDUC, V63, P368, DOI 10.1016/J.COMPEDU.2012.12.019","NUSSBAUM M"
"ALVAREZ C, 2013, COMPUT EDUC, V63, P368, DOI 10.1016/J.COMPEDU.2012.12.019","MILRAD M"
"DEL-MORAL-PEREZ ME, 2013, COMUNICAR, P173, DOI 10.3916/C40-2013-03-08","DEL-MORAL-PEREZ ME"
"DEL-MORAL-PEREZ ME, 2013, COMUNICAR, P173, DOI 10.3916/C40-2013-03-08","VILLALUSTRE-MARTINEZ L"
"MERCHANT G, 2013, LANG EDUC-UK, V27, P144, DOI 10.1080/09500782.2012.760586","MERCHANT G"
"MACNAMARA J, 2013, CONTINUUM-J MEDIA CU, V27, P160, DOI 10.1080/10304312.2013.736950","MACNAMARA J"
"THORNE-WALLINGTON E, 2013, INFORM TECHNOL LIBR, V32, P53, DOI 10.6017/ITAL.V32I4.2309","THORNE-WALLINGTON E"
"ROBERTS-SMITH J, 2013, CAN THEATRE REV, V156, P40, DOI 10.3138/CTR.156.008","ROBERTS-SMITH J"
"ROBERTS-SMITH J, 2013, CAN THEATRE REV, V156, P40, DOI 10.3138/CTR.156.008","HARVEY K"
"ROBERTS-SMITH J, 2013, CAN THEATRE REV, V156, P40, DOI 10.3138/CTR.156.008","DESOUZA-COELHO S"
"ROBERTS-SMITH J, 2013, CAN THEATRE REV, V156, P40, DOI 10.3138/CTR.156.008","DOBSON TM"
"ROBERTS-SMITH J, 2013, CAN THEATRE REV, V156, P40, DOI 10.3138/CTR.156.008","GABRIELE S"
"ROBERTS-SMITH J, 2013, CAN THEATRE REV, V156, P40, DOI 10.3138/CTR.156.008","KOVACS A"
"ROBERTS-SMITH J, 2013, CAN THEATRE REV, V156, P40, DOI 10.3138/CTR.156.008","RODRIGUEZ-ARENAS O"
"ROBERTS-SMITH J, 2013, CAN THEATRE REV, V156, P40, DOI 10.3138/CTR.156.008","RUECKER S"
"ROBERTS-SMITH J, 2013, CAN THEATRE REV, V156, P40, DOI 10.3138/CTR.156.008","SINCLAIR S"
"KOPPE H, 2013, PRAX KINDERPSYCHOL K, V62, P534","KOPPE H"
"LEE J, 2013, RECALL, V25, P159, DOI 10.1017/S0958344012000298","LEE J"
"CORDERO E, 2012, B AM METEOROL SOC, V93, P1813, DOI 10.1175/BAMS-93-12-1813","CORDERO E"
"LAM WSE, 2012, PHI DELTA KAPPAN, V94, P62, DOI 10.1177/003172171209400416","LAM WSE"
"MORRELL E, 2012, READ TEACH, V66, P300, DOI 10.1002/TRTR.01125","MORRELL E"
"WILSON C, 2012, COMUNICAR, P15, DOI 10.3916/C39-2012-02-01","WILSON C"
"SALEH I, 2012, COMUNICAR, P35, DOI 10.3916/C39-2012-02-03","SALEH I"
"MOELLER S, 2012, COMUNICAR, P45, DOI 10.3916/C39-2012-02-04","MOELLER S"
"MOELLER S, 2012, COMUNICAR, P45, DOI 10.3916/C39-2012-02-04","POWERS E"
"MOELLER S, 2012, COMUNICAR, P45, DOI 10.3916/C39-2012-02-04","ROBERTS J"
"CULVER SH, 2012, COMUNICAR, P73, DOI 10.3916/C39-2012-02-07","CULVER SH"
"CULVER SH, 2012, COMUNICAR, P73, DOI 10.3916/C39-2012-02-07","JACOBSON T"
"REIA-BAPTISTA V, 2012, COMUNICAR, P81, DOI 10.3916/C39-2012-02-08","REIA-BAPTISTA V"
"PEREIRA S, 2012, COMUNICAR, P91, DOI 10.3916/C39-2012-02-09","PEREIRA S"
"PEREIRA S, 2012, COMUNICAR, P91, DOI 10.3916/C39-2012-02-09","PINTO M"
"PEREIRA S, 2012, COMUNICAR, P91, DOI 10.3916/C39-2012-02-09","PEREIRA L"
"MORA J, 2012, COMUNICAR, P139, DOI 10.3916/C39-2012-03-04","MORA J"
"VRAGA EK, 2012, JOURNALISM, V13, P942, DOI 10.1177/1464884912455906","VRAGA EK"
"VRAGA EK, 2012, JOURNALISM, V13, P942, DOI 10.1177/1464884912455906","TULLY M"
"VRAGA EK, 2012, JOURNALISM, V13, P942, DOI 10.1177/1464884912455906","AKIN H"
"VRAGA EK, 2012, JOURNALISM, V13, P942, DOI 10.1177/1464884912455906","ROJAS H"
"SZABO K, 2012, INT J BEHAV MED, V19, PS151","SZABO K"
"SZABO K, 2012, INT J BEHAV MED, V19, PS151","TURY F"
"BRICKMAN P, 2012, AM BIOL TEACH, V74, P374, DOI 10.1525/ABT.2012.74.6.4","BRICKMAN P"
"BRICKMAN P, 2012, AM BIOL TEACH, V74, P374, DOI 10.1525/ABT.2012.74.6.4","GORMALLY C"
"BRICKMAN P, 2012, AM BIOL TEACH, V74, P374, DOI 10.1525/ABT.2012.74.6.4","FRANCOM G"
"BRICKMAN P, 2012, AM BIOL TEACH, V74, P374, DOI 10.1525/ABT.2012.74.6.4","JARDELEZZ SE"
"BRICKMAN P, 2012, AM BIOL TEACH, V74, P374, DOI 10.1525/ABT.2012.74.6.4","SCHUTTE VGW"
"BRICKMAN P, 2012, AM BIOL TEACH, V74, P374, DOI 10.1525/ABT.2012.74.6.4","JORDAN C"
"BRICKMAN P, 2012, AM BIOL TEACH, V74, P374, DOI 10.1525/ABT.2012.74.6.4","KANIZAY L"
"RUNDGREN CJ, 2012, PUBLIC UNDERST SCI, V21, P759, DOI 10.1177/0963662510377562","RUNDGREN CJ"
"RUNDGREN CJ, 2012, PUBLIC UNDERST SCI, V21, P759, DOI 10.1177/0963662510377562","RUNDGREN SNC"
"RUNDGREN CJ, 2012, PUBLIC UNDERST SCI, V21, P759, DOI 10.1177/0963662510377562","TSENG YH"
"RUNDGREN CJ, 2012, PUBLIC UNDERST SCI, V21, P759, DOI 10.1177/0963662510377562","LIN PL"
"RUNDGREN CJ, 2012, PUBLIC UNDERST SCI, V21, P759, DOI 10.1177/0963662510377562","CHANG CY"
"JEONG SH, 2012, J COMMUN, V62, DOI 10.1111/J.1460-2466.2012.01643.X","JEONG SH"
"JEONG SH, 2012, J COMMUN, V62, DOI 10.1111/J.1460-2466.2012.01643.X","CHO H"
"JEONG SH, 2012, J COMMUN, V62, DOI 10.1111/J.1460-2466.2012.01643.X","HWANG Y"
"SALGADO MV, 2012, NICOTINE TOB RES, V14, P516, DOI 10.1093/NTR/NTR240","SALGADO MV"
"SALGADO MV, 2012, NICOTINE TOB RES, V14, P516, DOI 10.1093/NTR/NTR240","PEREZ-STABLE EJ"
"SALGADO MV, 2012, NICOTINE TOB RES, V14, P516, DOI 10.1093/NTR/NTR240","PRIMACK BA"
"SALGADO MV, 2012, NICOTINE TOB RES, V14, P516, DOI 10.1093/NTR/NTR240","KAPLAN CP"
"SALGADO MV, 2012, NICOTINE TOB RES, V14, P516, DOI 10.1093/NTR/NTR240","MEJIA RM"
"SALGADO MV, 2012, NICOTINE TOB RES, V14, P516, DOI 10.1093/NTR/NTR240","GREGORICH SE"
"SALGADO MV, 2012, NICOTINE TOB RES, V14, P516, DOI 10.1093/NTR/NTR240","ALDERETE E"
"KESTEN A, 2012, ENER EDUC SCI TECH-B, V4, P1131","KESTEN A"
"GREENE K, 2012, ANN BEHAV MED, V43, PS57","GREENE K"
"MARTIN AG, 2012, COMUNICAR, P10, DOI 10.3916/C38-2012-02-00","MARTIN AG"
"MARTIN AG, 2012, COMUNICAR, P10, DOI 10.3916/C38-2012-02-00","TYNER K"
"SOEP E, 2012, COMUNICAR, P93, DOI 10.3916/C38-2012-02-10","SOEP E"
"DEL VALLE C, 2012, COMUNICAR, P183, DOI 10.3916/C38-2012-03-10","DEL VALLE C"
"DEL VALLE C, 2012, COMUNICAR, P183, DOI 10.3916/C38-2012-03-10","DENEGRI M"
"DEL VALLE C, 2012, COMUNICAR, P183, DOI 10.3916/C38-2012-03-10","CHAVEZ D"
"GOMEZ JIA, 2012, COMUNICAR, P7, DOI 10.3916/C38-2012-01-01","GOMEZ JIA"
"KENDALL A, 2012, COMUNICAR, P21, DOI 10.3916/C38-2012-02-02","KENDALL A"
"KENDALL A, 2012, COMUNICAR, P21, DOI 10.3916/C38-2012-02-02","MCDOUGALL J"
"MARTIN AG, 2012, COMUNICAR-a, P31, DOI 10.3916/C38-2012-02-03","MARTIN AG"
"MARTIN AG, 2012, COMUNICAR-a, P31, DOI 10.3916/C38-2012-02-03","TYNER K"
"PENUEL WR, 2012, EARLY CHILD RES Q, V27, P115, DOI 10.1016/J.ECRESQ.2011.07.002","PENUEL WR"
"PENUEL WR, 2012, EARLY CHILD RES Q, V27, P115, DOI 10.1016/J.ECRESQ.2011.07.002","BATES L"
"PENUEL WR, 2012, EARLY CHILD RES Q, V27, P115, DOI 10.1016/J.ECRESQ.2011.07.002","GALLAGHER LP"
"PENUEL WR, 2012, EARLY CHILD RES Q, V27, P115, DOI 10.1016/J.ECRESQ.2011.07.002","PASNIK S"
"PENUEL WR, 2012, EARLY CHILD RES Q, V27, P115, DOI 10.1016/J.ECRESQ.2011.07.002","LLORENTE C"
"PENUEL WR, 2012, EARLY CHILD RES Q, V27, P115, DOI 10.1016/J.ECRESQ.2011.07.002","TOWNSEND E"
"PENUEL WR, 2012, EARLY CHILD RES Q, V27, P115, DOI 10.1016/J.ECRESQ.2011.07.002","HUPERT N"
"PENUEL WR, 2012, EARLY CHILD RES Q, V27, P115, DOI 10.1016/J.ECRESQ.2011.07.002","DOMINGUEZ X"
"PENUEL WR, 2012, EARLY CHILD RES Q, V27, P115, DOI 10.1016/J.ECRESQ.2011.07.002","VANDERBORGHT M"
"PARK S, 2012, MEDIA INT AUST, P87, DOI 10.1177/1329878X1214200111","PARK S"
"AUSTIN EW, 2012, J AM COLL HEALTH, V60, P548, DOI 10.1080/07448481.2012.726302","AUSTIN EW"
"AUSTIN EW, 2012, J AM COLL HEALTH, V60, P548, DOI 10.1080/07448481.2012.726302","PINKLETON BE"
"AUSTIN EW, 2012, J AM COLL HEALTH, V60, P548, DOI 10.1080/07448481.2012.726302","AUSTIN BW"
"AUSTIN EW, 2012, J AM COLL HEALTH, V60, P548, DOI 10.1080/07448481.2012.726302","VAN DE VORD R"
"BONNSTETTER BE, 2012, J POP FILM TV, V40, P94, DOI 10.1080/01956051.2011.636395","BONNSTETTER BE"
"PINKLETON BE, 2012, J HEALTH COMMUN, V17, P460, DOI 10.1080/10810730.2011.635770","PINKLETON BE"
"PINKLETON BE, 2012, J HEALTH COMMUN, V17, P460, DOI 10.1080/10810730.2011.635770","AUSTIN EW"
"PINKLETON BE, 2012, J HEALTH COMMUN, V17, P460, DOI 10.1080/10810730.2011.635770","CHEN YC"
"PINKLETON BE, 2012, J HEALTH COMMUN, V17, P460, DOI 10.1080/10810730.2011.635770","COHEN M"
"MUNK C, 2012, Z ENTWICKL PADAGOGIS, V44, P81, DOI 10.1026/0049-8637/A000063","MUNK C"
"MUNK C, 2012, Z ENTWICKL PADAGOGIS, V44, P81, DOI 10.1026/0049-8637/A000063","DIERGARTEN AK"
"MUNK C, 2012, Z ENTWICKL PADAGOGIS, V44, P81, DOI 10.1026/0049-8637/A000063","NIEDING G"
"MUNK C, 2012, Z ENTWICKL PADAGOGIS, V44, P81, DOI 10.1026/0049-8637/A000063","OHLER P"
"MUNK C, 2012, Z ENTWICKL PADAGOGIS, V44, P81, DOI 10.1026/0049-8637/A000063","SCHNEIDER W"
"WATERHOUSE M, 2012, DISCOURSE-ABINGDON, V33, P129, DOI 10.1080/01596306.2012.632173","WATERHOUSE M"
"GEIMER A, 2012, Z SOZIOL ERZIEH SOZI, V32, P4","GEIMER A"
"KAHNE J, 2012, INT J COMMUN-US, V6, P1","KAHNE J"
"KAHNE J, 2012, INT J COMMUN-US, V6, P1","LEE NJ"
"KAHNE J, 2012, INT J COMMUN-US, V6, P1","FEEZELL JT"
"PAGE RM, 2011, HEALTH EDUC J, V70, P446, DOI 10.1177/0017896910379692","PAGE RM"
"PAGE RM, 2011, HEALTH EDUC J, V70, P446, DOI 10.1177/0017896910379692","PIKO BF"
"PAGE RM, 2011, HEALTH EDUC J, V70, P446, DOI 10.1177/0017896910379692","BALAZS MA"
"PAGE RM, 2011, HEALTH EDUC J, V70, P446, DOI 10.1177/0017896910379692","STRUK T"
"JURKOWSKI ET, 2011, GERONTOLOGIST, V51, P79","JURKOWSKI ET"
"CHANG CS, 2011, ASIA-PAC EDUC RES, V20, P604","CHANG CS"
"CHANG CS, 2011, ASIA-PAC EDUC RES, V20, P604","LIU EZF"
"STEWART B, 2011, BRIT J EDUC TECHNOL, V42, PE167, DOI 10.1111/J.1467-8535.2011.01247.X","STEWART B"
"DOMINE V, 2011, LIBR TRENDS, V60, P440, DOI 10.1353/LIB.2011.0038","DOMINE V"
"HUIJSER H, 2011, MEDIA INT AUST, P181","HUIJSER H"
"WINDLE J, 2011, AUST EDUC RES, V38, P311, DOI 10.1007/S13384-011-0030-Z","WINDLE J"
"BURNETT C, 2011, ENGL TEACH-PRACT CRI, V10, P41","BURNETT C"
"BURNETT C, 2011, ENGL TEACH-PRACT CRI, V10, P41","MERCHANT G"
"FISHER H, 2011, AUST LIBR J, V60, P176, DOI 10.1080/00049670.2011.10722599","FISHER H"
"TURNER KCN, 2011, J ADOLESC ADULT LIT, V54, P613, DOI 10.1598/JAAL.54.8.6","TURNER KCN"
"HALLIWELL E, 2011, BRIT J HEALTH PSYCH, V16, P396, DOI 10.1348/135910710X515714","HALLIWELL E"
"HALLIWELL E, 2011, BRIT J HEALTH PSYCH, V16, P396, DOI 10.1348/135910710X515714","EASUN A"
"HALLIWELL E, 2011, BRIT J HEALTH PSYCH, V16, P396, DOI 10.1348/135910710X515714","HARCOURT D"
"PEREZ-STABLE EJ, 2011, J GEN INTERN MED, V26, PS246","PEREZ-STABLE EJ"
"PEREZ-STABLE EJ, 2011, J GEN INTERN MED, V26, PS246","SALGADO MV"
"PEREZ-STABLE EJ, 2011, J GEN INTERN MED, V26, PS246","PRIMACK B"
"PEREZ-STABLE EJ, 2011, J GEN INTERN MED, V26, PS246","KAPLAN C"
"PEREZ-STABLE EJ, 2011, J GEN INTERN MED, V26, PS246","MEJIA R"
"PEREZ-STABLE EJ, 2011, J GEN INTERN MED, V26, PS246","GREGORICH S"
"PEREZ-STABLE EJ, 2011, J GEN INTERN MED, V26, PS246","ALDERETE E"
"YAMADA-RICE D, 2011, LITERACY, V45, P32, DOI 10.1111/J.1741-4369.2011.00578.X","YAMADA-RICE D"
"CHANG CS, 2011, TURK ONLINE J EDUC T, V10, P63","CHANG CS"
"CHANG CS, 2011, TURK ONLINE J EDUC T, V10, P63","LIU EZF"
"CHANG CS, 2011, TURK ONLINE J EDUC T, V10, P63","LEE CY"
"CHANG CS, 2011, TURK ONLINE J EDUC T, V10, P63","CHEN NS"
"CHANG CS, 2011, TURK ONLINE J EDUC T, V10, P63","HU DC"
"CHANG CS, 2011, TURK ONLINE J EDUC T, V10, P63","LIN CH"
"LEVIN-ZAMIR D, 2011, HEALTH EDUC RES, V26, P323, DOI 10.1093/HER/CYR007","LEVIN-ZAMIR D"
"LEVIN-ZAMIR D, 2011, HEALTH EDUC RES, V26, P323, DOI 10.1093/HER/CYR007","LEMISH D"
"LEVIN-ZAMIR D, 2011, HEALTH EDUC RES, V26, P323, DOI 10.1093/HER/CYR007","GOFIN R"
"DE LA PISCINA TR, 2011, COMUNICAR, P157, DOI 10.3916/C36-2011-03-07","DE LA PISCINA TR"
"DE LA PISCINA TR, 2011, COMUNICAR, P157, DOI 10.3916/C36-2011-03-07","BASTERRETXEA JI"
"DE LA PISCINA TR, 2011, COMUNICAR, P157, DOI 10.3916/C36-2011-03-07","JIMENEZ E"
"KOLTAY T, 2011, MEDIA CULT SOC, V33, P211, DOI 10.1177/0163443710393382","KOLTAY T"
"COOPER CB, 2011, BIOSCIENCE, V61, P231, DOI 10.1525/BIO.2011.61.3.8","COOPER CB"
"HAUSER SL, 2011, ANN NEUROL, V69, PA9, DOI 10.1002/ANA.22410","HAUSER SL"
"HAUSER SL, 2011, ANN NEUROL, V69, PA9, DOI 10.1002/ANA.22410","JOHNSTON SC"
"PAEK HJ, 2011, HEALTH EDUC RES, V26, P131, DOI 10.1093/HER/CYQ082","PAEK HJ"
"PAEK HJ, 2011, HEALTH EDUC RES, V26, P131, DOI 10.1093/HER/CYQ082","REBER BH"
"PAEK HJ, 2011, HEALTH EDUC RES, V26, P131, DOI 10.1093/HER/CYQ082","LARISCY RW"
"AMORY A, 2011, EDUC CHANGE, V15, PS111, DOI 10.1080/16823206.2011.643634","AMORY A"
"BOYD MJ, 2011, ADV CHILD DEV BEHAV, V41, P251","BOYD MJ"
"BOYD MJ, 2011, ADV CHILD DEV BEHAV, V41, P251","DOBROW J"
"CINCOTTA-SEGI A, 2011, COMPARE, V41, P195, DOI 10.1080/03057925.2011.547285","CINCOTTA-SEGI A"
"CABERO-ALMENARA J, 2011, EDUC XX1, V14, P89","CABERO-ALMENARA J"
"CABERO-ALMENARA J, 2011, EDUC XX1, V14, P89","LIANO SG"
"HOBBS R, 2011, J BROADCAST ELECTRON, V55, P419, DOI 10.1080/08838151.2011.597594","HOBBS R"
"HOBBS R, 2011, J BROADCAST ELECTRON-a, V55, P601, DOI 10.1080/08838151.2011.619399","HOBBS R"
"PAGE RM, 2011, J SCHOOL HEALTH, V81, P34, DOI 10.1111/J.1746-1561.2010.00555.X","PAGE RM"
"PAGE RM, 2011, J SCHOOL HEALTH, V81, P34, DOI 10.1111/J.1746-1561.2010.00555.X","HUONG NT"
"PAGE RM, 2011, J SCHOOL HEALTH, V81, P34, DOI 10.1111/J.1746-1561.2010.00555.X","CHI HK"
"PAGE RM, 2011, J SCHOOL HEALTH, V81, P34, DOI 10.1111/J.1746-1561.2010.00555.X","TIEN TQ"
"GUSTAVSON A, 2011, LIBR HI TECH, V29, P725, DOI 10.1108/07378831111189796","GUSTAVSON A"
"GUSTAVSON A, 2011, LIBR HI TECH, V29, P725, DOI 10.1108/07378831111189796","WHITEHURST A"
"GUSTAVSON A, 2011, LIBR HI TECH, V29, P725, DOI 10.1108/07378831111189796","HISLE D"
"EDYTA C, 2011, PSYCHOL HEALTH, V26, P105","EDYTA C"
"NAM S, 2010, JAVNOST-PUBLIC, V17, P5, DOI 10.1080/13183222.2010.11009038","NAM S"
"PIKO BF, 2010, EUR J PUBLIC HEALTH, V20, P246","PIKO BF"
"PIKO BF, 2010, EUR J PUBLIC HEALTH, V20, P246","BALAZS MA"
"PIKO BF, 2010, EUR J PUBLIC HEALTH, V20, P246","PAGE RM"
"GUNDERS J, 2010, MEDIA INT AUST, P158","GUNDERS J"
"AGUADED-GOMEZ JI, 2010, COMUNICAR, P7, DOI 10.3916/C35-2010-01-01","AGUADED-GOMEZ JI"
"ZAGALO N, 2010, COMUNICAR, P61, DOI 10.3916/C35-2010-02-06","ZAGALO N"
"AKAR-VURAL R, 2010, URBAN EDUC, V45, P740, DOI 10.1177/0042085910377289","AKAR-VURAL R"
"AUSTEN RA, 2010, ISLAM AFR-US, V1, P217, DOI 10.5192/215409910794105869","AUSTEN RA"
"MERSKIN D, 2010, J MASS COMMUN Q, V87, P668","MERSKIN D"
"KUPERSMIDT JB, 2010, PEDIATRICS, V126, P525, DOI 10.1542/PEDS.2010-0068","KUPERSMIDT JB"
"KUPERSMIDT JB, 2010, PEDIATRICS, V126, P525, DOI 10.1542/PEDS.2010-0068","SCULL TM"
"KUPERSMIDT JB, 2010, PEDIATRICS, V126, P525, DOI 10.1542/PEDS.2010-0068","AUSTIN EW"
"TSENG YH, 2010, COMPUT EDUC, V55, P165, DOI 10.1016/J.COMPEDU.2010.01.002","TSENG YH"
"TSENG YH, 2010, COMPUT EDUC, V55, P165, DOI 10.1016/J.COMPEDU.2010.01.002","CHANG CY"
"TSENG YH, 2010, COMPUT EDUC, V55, P165, DOI 10.1016/J.COMPEDU.2010.01.002","RUNDGREN SNC"
"TSENG YH, 2010, COMPUT EDUC, V55, P165, DOI 10.1016/J.COMPEDU.2010.01.002","RUNDGREN CJ"
"TEURLINGS J, 2010, EUR J CULT STUD, V13, P359, DOI 10.1177/1367549410363202","TEURLINGS J"
"ANDERSON DR, 2010, DEV REV, V30, P239, DOI 10.1016/J.DR.2010.03.004","ANDERSON DR"
"ANDERSON DR, 2010, DEV REV, V30, P239, DOI 10.1016/J.DR.2010.03.004","HANSON KG"
"VAN DE VORD R, 2010, INTERNET HIGH EDUC, V13, P170, DOI 10.1016/J.IHEDUC.2010.03.001","VAN DE VORD R"
"ELMA C, 2010, KURAM UYGULAMA EGI, V10, P1439","ELMA C"
"ELMA C, 2010, KURAM UYGULAMA EGI, V10, P1439","KESTEN A"
"ELMA C, 2010, KURAM UYGULAMA EGI, V10, P1439","DICLE AN"
"ELMA C, 2010, KURAM UYGULAMA EGI, V10, P1439","UZUN EM"
"TYNER K, 2010, ENGL TEACH-PRACT CRI, V9, P1","TYNER K"
"TYNER K, 2010, ENGL TEACH-PRACT CRI, V9, P1","BURN A"
"PARTINGTON A, 2010, ENGL TEACH-PRACT CRI, V9, P73","PARTINGTON A"
"ANDERSEN N, 2010, ENGL TEACH-PRACT CRI, V9, P103","ANDERSEN N"
"AGUADED-GOMEZ JI, 2010, COMUNICAR-a, P7, DOI 10.3916/C34-2010-01-01","AGUADED-GOMEZ JI"
"GAINER JS, 2010, J ADOLESC ADULT LIT, V53, P364, DOI 10.1598/JAAL.53.5.2","GAINER JS"
"POTTER WJ, 2010, J BROADCAST ELECTRON, V54, P675, DOI 10.1080/08838151.2011.521462","POTTER WJ"
"TANRIVERDI B, 2010, KURAM UYGULAMA EGI, V10, P1187","TANRIVERDI B"
"TANRIVERDI B, 2010, KURAM UYGULAMA EGI, V10, P1187","APAK O"
"WALKER TL, 2010, LEARN MEDIA TECHNOL, V35, P1, DOI 10.1080/17439880903574366","WALKER TL"
"KEARY M, 2010, ONLINE INFORM REV, V34, P816, DOI 10.1108/14684521011084654","KEARY M"
"HARRETT J, 2009, LITERACY, V43, P134, DOI 10.1111/J.1741-4369.2009.00510.X","HARRETT J"
"HARRETT J, 2009, LITERACY, V43, P134, DOI 10.1111/J.1741-4369.2009.00510.X","BENJAMIN T"
"FOGG V, 2009, BRIT J EDUC STUD, V57, P328, DOI 10.1111/J.1467-8527.2009.437_1.X","FOGG V"
"BADKE W, 2009, ONLINE, V33, P47","BADKE W"
"PRIMACK BA, 2009, HEALTH EDUC RES, V24, P608, DOI 10.1093/HER/CYN062","PRIMACK BA"
"PRIMACK BA, 2009, HEALTH EDUC RES, V24, P608, DOI 10.1093/HER/CYN062","FINE D"
"PRIMACK BA, 2009, HEALTH EDUC RES, V24, P608, DOI 10.1093/HER/CYN062","YANG CK"
"PRIMACK BA, 2009, HEALTH EDUC RES, V24, P608, DOI 10.1093/HER/CYN062","WICKETT D"
"PRIMACK BA, 2009, HEALTH EDUC RES, V24, P608, DOI 10.1093/HER/CYN062","ZICKMUND S"
"PLESTER B, 2009, J COMPUT-MEDIAT COMM, V14, P1108, DOI 10.1111/J.1083-6101.2009.01483.X","PLESTER B"
"PLESTER B, 2009, J COMPUT-MEDIAT COMM, V14, P1108, DOI 10.1111/J.1083-6101.2009.01483.X","WOOD C"
"WILKSCH SM, 2009, J AM ACAD CHILD PSY, V48, P652, DOI 10.1097/CHI.0B013E3181A1F559","WILKSCH SM"
"WILKSCH SM, 2009, J AM ACAD CHILD PSY, V48, P652, DOI 10.1097/CHI.0B013E3181A1F559","WADE TD"
"GAINER JS, 2009, READ TEACH, V62, P674, DOI 10.1598/RT.62.8.5","GAINER JS"
"GAINER JS, 2009, READ TEACH, V62, P674, DOI 10.1598/RT.62.8.5","VALDEZ-GAINER N"
"GAINER JS, 2009, READ TEACH, V62, P674, DOI 10.1598/RT.62.8.5","KINARD T"
"SKAAR H, 2009, LITERACY, V43, P36, DOI 10.1111/J.1741-4369.2009.00502.X","SKAAR H"
"PRIMACK BA, 2009, AM J HEALTH BEHAV, V33, P192","PRIMACK BA"
"PRIMACK BA, 2009, AM J HEALTH BEHAV, V33, P192","HOBBS R"
"GOMEZ JIA, 2009, COMUNICAR, P7, DOI 10.3916/C32-2009-00-001","GOMEZ JIA"
"MOELLER S, 2009, COMUNICAR, P65, DOI 10.3916/C32-2009-02-005","MOELLER S"
"CHEUNG CK, 2009, COMUNICAR, P73, DOI 10.3916/C32-2009-02-006","CHEUNG CK"
"SALEH I, 2009, COMUNICAR, P119, DOI 10.3916/C32-2009-02-010","SALEH I"
"SALOMON E, 2009, COMUNICAR, P147, DOI 10.3916/C32-2009-02-013","SALOMON E"
"DAVID JL, 2009, EDUC LEADERSHIP, V66, P84","DAVID JL"
"CONSIDINE D, 2009, J ADOLESC ADULT LIT, V52, P471, DOI 10.1598/JAAL.52.6.2","CONSIDINE D"
"CONSIDINE D, 2009, J ADOLESC ADULT LIT, V52, P471, DOI 10.1598/JAAL.52.6.2","HORTON J"
"CONSIDINE D, 2009, J ADOLESC ADULT LIT, V52, P471, DOI 10.1598/JAAL.52.6.2","MOORMAN G"
"ROCK M, 2009, HEALTH EDUC RES, V24, P153, DOI 10.1093/HER/CYN008","ROCK M"
"ROCK M, 2009, HEALTH EDUC RES, V24, P153, DOI 10.1093/HER/CYN008","LAIL P"
"ERJAVEC K, 2009, DIDACT SLOV-PEDAGOS, V24, P36","ERJAVEC K"
"SNYDER I, 2009, ENGL AUST, V44, P13","SNYDER I"
"ELMA C, 2009, HACET UNIT EGIT FAK, P87","ELMA C"
"ELMA C, 2009, HACET UNIT EGIT FAK, P87","KESTEN A"
"ELMA C, 2009, HACET UNIT EGIT FAK, P87","DICLE AN"
"ELMA C, 2009, HACET UNIT EGIT FAK, P87","MERCAN E"
"ELMA C, 2009, HACET UNIT EGIT FAK, P87","CINKIR S"
"ELMA C, 2009, HACET UNIT EGIT FAK, P87","PALAVAN O"
"SOURBATI M, 2009, INFORM SOC, V25, P248, DOI 10.1080/01972240903028680","SOURBATI M"
"TYMA AW, 2009, INT J COMMUN-US, V3, P891","TYMA AW"
"BUCKINGHAM D, 2009, INT J CULT POLICY, V15, P217, DOI 10.1080/10286630802651602","BUCKINGHAM D"
"CHEN HL, 2009, J ACAD LIBR, V35, P14, DOI 10.1016/J.ACALIB.2008.10.021","CHEN HL"
"CHEN HL, 2009, J ACAD LIBR, V35, P14, DOI 10.1016/J.ACALIB.2008.10.021","WILLIAMS JP"
"PRIMACK BA, 2009, J HEALTH COMMUN, V14, P541, DOI 10.1080/10810730903089598","PRIMACK BA"
"PRIMACK BA, 2009, J HEALTH COMMUN, V14, P541, DOI 10.1080/10810730903089598","SIDANI J"
"PRIMACK BA, 2009, J HEALTH COMMUN, V14, P541, DOI 10.1080/10810730903089598","CARROLL MV"
"PRIMACK BA, 2009, J HEALTH COMMUN, V14, P541, DOI 10.1080/10810730903089598","FINE MJ"
"ARCHAKIS A, 2009, J LANG POLIT, V8, P359, DOI 10.1075/JLP.8.3.02ARC","ARCHAKIS A"
"ARCHAKIS A, 2009, J LANG POLIT, V8, P359, DOI 10.1075/JLP.8.3.02ARC","TSAKONA V"
"ZILLMANN D, 2009, MEDIA PSYCHOL, V12, P394, DOI 10.1080/15213260903287275","ZILLMANN D"
"ZILLMANN D, 2009, MEDIA PSYCHOL, V12, P394, DOI 10.1080/15213260903287275","CALLISON C"
"ZILLMANN D, 2009, MEDIA PSYCHOL, V12, P394, DOI 10.1080/15213260903287275","GIBSON R"
"BARONE D, 2008, READ TEACH, V62, P292, DOI 10.1598/RT.62.4.2","BARONE D"
"BARONE D, 2008, READ TEACH, V62, P292, DOI 10.1598/RT.62.4.2","WRIGHT TE"
"JENSEN AP, 2008, J ADOLESC ADULT LIT, V52, P261, DOI 10.1598/JAAL.52.3.10","JENSEN AP"
"TORNERO JMP, 2008, COMUNICAR, P15, DOI 10.3916/C31-2008-01-002","TORNERO JMP"
"ABELLAN G, 2008, COMUNICAR, P129, DOI 10.3916/C31-2008-01-016","ABELLAN G"
"ABELLAN G, 2008, COMUNICAR, P129, DOI 10.3916/C31-2008-01-016","MAYUGO C"
"PINKLETON BE, 2008, HEALTH COMMUN, V23, P462, DOI 10.1080/10410230802342135","PINKLETON BE"
"PINKLETON BE, 2008, HEALTH COMMUN, V23, P462, DOI 10.1080/10410230802342135","AUSTIN EW"
"PINKLETON BE, 2008, HEALTH COMMUN, V23, P462, DOI 10.1080/10410230802342135","COHEN M"
"PINKLETON BE, 2008, HEALTH COMMUN, V23, P462, DOI 10.1080/10410230802342135","CHEN YC"
"PINKLETON BE, 2008, HEALTH COMMUN, V23, P462, DOI 10.1080/10410230802342135","FITZGERALD E"
"COMER JS, 2008, J CONSULT CLIN PSYCH, V76, P568, DOI 10.1037/0022-006X.76.4.568","COMER JS"
"COMER JS, 2008, J CONSULT CLIN PSYCH, V76, P568, DOI 10.1037/0022-006X.76.4.568","FURR JM"
"COMER JS, 2008, J CONSULT CLIN PSYCH, V76, P568, DOI 10.1037/0022-006X.76.4.568","BEIDAS RS"
"COMER JS, 2008, J CONSULT CLIN PSYCH, V76, P568, DOI 10.1037/0022-006X.76.4.568","WEINER CL"
"COMER JS, 2008, J CONSULT CLIN PSYCH, V76, P568, DOI 10.1037/0022-006X.76.4.568","KENDALL PC"
"WILKSCH SM, 2008, J AM ACAD CHILD PSY, V47, P939, DOI 10.1097/CHI.0B013E3181799F4A","WILKSCH SM"
"WILKSCH SM, 2008, J AM ACAD CHILD PSY, V47, P939, DOI 10.1097/CHI.0B013E3181799F4A","DURBRIDGE MR"
"WILKSCH SM, 2008, J AM ACAD CHILD PSY, V47, P939, DOI 10.1097/CHI.0B013E3181799F4A","WADE TD"
"LUMBY C, 2008, MEDIA INT AUST, P80","LUMBY C"
"LUMBY C, 2008, MEDIA INT AUST, P80","ALBURY K"
"RENNIE E, 2008, MEDIA INT AUST, P95, DOI 10.1177/1329878X0812800112","RENNIE E"
"RENNIE E, 2008, MEDIA INT AUST, P95, DOI 10.1177/1329878X0812800112","THOMAS J"
"PARK SH, 2008, BRIT J EDUC TECHNOL, V39, P732, DOI 10.1111/J.1467-8535.2008.00824.X","PARK SH"
"PARK SH, 2008, BRIT J EDUC TECHNOL, V39, P732, DOI 10.1111/J.1467-8535.2008.00824.X","KWON SH"
"BERGSMA LJ, 2008, HEALTH EDUC RES, V23, P522, DOI 10.1093/HER/CYM084","BERGSMA LJ"
"BERGSMA LJ, 2008, HEALTH EDUC RES, V23, P522, DOI 10.1093/HER/CYM084","CARNEY ME"
"WAN GF, 2008, THEOR PRACT, V47, P178, DOI 10.1080/00405840802153783","WAN GF"
"WAN GF, 2008, THEOR PRACT, V47, P178, DOI 10.1080/00405840802153783","GUT DM"
"ARGYROPOULOS VS, 2008, J VISUAL IMPAIR BLIN, V102, P221","ARGYROPOULOS VS"
"ARGYROPOULOS VS, 2008, J VISUAL IMPAIR BLIN, V102, P221","SIDERIDIS GD"
"ARGYROPOULOS VS, 2008, J VISUAL IMPAIR BLIN, V102, P221","KATSOULIS P"
"TYNER K, 2008, COMUNICAR, P79, DOI 10.3916/C30-2008-01-012","TYNER K"
"REIA-BAPTISTA V, 2008, COMUNICAR, P427, DOI 10.3916/C31-2008-03-030","REIA-BAPTISTA V"
"GOMEZ JIA, 2008, ESTUD SOBRE MENSAJ P, V14, P293","GOMEZ JIA"
"GOMEZ JIA, 2008, ESTUD SOBRE MENSAJ P, V14, P293","CARRERO JS"
"ANIKO B, 2008, INF TARSAD, V8, P110","ANIKO B"
"ANIKO B, 2008, INF TARSAD, V8, P110","ZOLTAN F"
"ANIKO B, 2008, INF TARSAD, V8, P110","ANNA G"
"ANIKO B, 2008, INF TARSAD, V8, P110","BENCE S"
"TIPPETT CD, 2008, INT J SCI EDUC, V30, P1265, DOI 10.1080/09500690801908348","TIPPETT CD"
"TIPPETT CD, 2008, INT J SCI EDUC, V30, P1265, DOI 10.1080/09500690801908348","YORE LD"
"GAINES E, 2008, SEMIOTICA, V171, P239, DOI 10.1515/SEMI.2008.076","GAINES E"
"ERICKSON K, 2008, VISUAL STUD, V23, P98","ERICKSON K"
"GRIFFIN M, 2008, VISUAL STUD, V23, P113, DOI 10.1080/14725860802276255","GRIFFIN M"
"AHN S, 2007, STUD SECOND LANG ACQ, V29, P617, DOI 10.1017/S0272263107070453","AHN S"
"AUSTIN EW, 2007, COMMUN RES, V34, P483, DOI 10.1177/0093650297305233","AUSTIN EW"
"AUSTIN EW, 2007, COMMUN RES, V34, P483, DOI 10.1177/0093650297305233","PINKLETON BE"
"AUSTIN EW, 2007, COMMUN RES, V34, P483, DOI 10.1177/0093650297305233","FUNABIKI RP"
"COOPERMAN L, 2007, REF USER SERV Q, V47, P94","COOPERMAN L"
"EAGLE L, 2007, J ADVERTISING, V36, P101, DOI 10.2753/JOA0091-3367360207","EAGLE L"
"FLEMING JJ, 2007, J MASS COMMUN Q, V84, P402","FLEMING JJ"
"CHOMA BL, 2007, SEX ROLES, V56, P581, DOI 10.1007/S11199-007-9200-X","CHOMA BL"
"CHOMA BL, 2007, SEX ROLES, V56, P581, DOI 10.1007/S11199-007-9200-X","FOSTER MD"
"CHOMA BL, 2007, SEX ROLES, V56, P581, DOI 10.1007/S11199-007-9200-X","RADFORD E"
"HAYES M, 2007, SOC SCI MED, V64, P1842, DOI 10.1016/J.SOCSCIMED.2007.01.015","HAYES M"
"HAYES M, 2007, SOC SCI MED, V64, P1842, DOI 10.1016/J.SOCSCIMED.2007.01.015","ROSS IE"
"HAYES M, 2007, SOC SCI MED, V64, P1842, DOI 10.1016/J.SOCSCIMED.2007.01.015","GASHER M"
"HAYES M, 2007, SOC SCI MED, V64, P1842, DOI 10.1016/J.SOCSCIMED.2007.01.015","GUTSTEIN D"
"HAYES M, 2007, SOC SCI MED, V64, P1842, DOI 10.1016/J.SOCSCIMED.2007.01.015","DUNN JR"
"HAYES M, 2007, SOC SCI MED, V64, P1842, DOI 10.1016/J.SOCSCIMED.2007.01.015","HACKETT RA"
"REIA-BAPTISTA V, 2007, COMUNICAR, P25","REIA-BAPTISTA V"
"DAVOU B, 2007, COMUNICAR, P75","DAVOU B"
"DAVOU B, 2007, COMUNICAR, P75","NIKA V"
"CHUNG SK, 2007, INT J ART DES EDUC, V26, P98, DOI 10.1111/J.1476-8070.2007.00514.X","CHUNG SK"
"[ANONYMOUS], 2007, ENGL AUST, V42, P85","[ANONYMOUS]"
"BANERJEE SC, 2007, HEALTH COMMUN, V22, P37, DOI 10.1080/10410230701310281","BANERJEE SC"
"BANERJEE SC, 2007, HEALTH COMMUN, V22, P37, DOI 10.1080/10410230701310281","GREENE K"
"PINKLETON BE, 2007, HEALTH COMMUN, V21, P23, DOI 10.1080/10410230701283306","PINKLETON BE"
"PINKLETON BE, 2007, HEALTH COMMUN, V21, P23, DOI 10.1080/10410230701283306","AUSTIN EW"
"PINKLETON BE, 2007, HEALTH COMMUN, V21, P23, DOI 10.1080/10410230701283306","COHEN M"
"PINKLETON BE, 2007, HEALTH COMMUN, V21, P23, DOI 10.1080/10410230701283306","MILLER A"
"PINKLETON BE, 2007, HEALTH COMMUN, V21, P23, DOI 10.1080/10410230701283306","FITZGERALD E"
"WINSKEL H, 2006, BRIT J EDUC PSYCHOL, V76, P727, DOI 10.1348/000709905X68312","WINSKEL H"
"YUS F, 2006, LANGUAGE, V82, P953, DOI 10.1353/LAN.2006.0242","YUS F"
"SELWYN N, 2006, BRIT J EDUC TECHNOL, V37, P985, DOI 10.1111/J.1467-8535.2006.00660_14.X","SELWYN N"
"ISLAM RL, 2006, COLL RES LIBR, V67, P492","ISLAM RL"
"ISLAM RL, 2006, COLL RES LIBR, V67, P492","MURNO LA"
"BROWN JD, 2006, J ADOLESCENT HEALTH, V39, P459, DOI 10.1016/J.JADOHEALTH.2006.07.014","BROWN JD"
"PRIMACK BA, 2006, J ADOLESCENT HEALTH, V39, P465, DOI 10.1016/J.JADOHEALTH.2006.05.011","PRIMACK BA"
"PRIMACK BA, 2006, J ADOLESCENT HEALTH, V39, P465, DOI 10.1016/J.JADOHEALTH.2006.05.011","GOLD MA"
"PRIMACK BA, 2006, J ADOLESCENT HEALTH, V39, P465, DOI 10.1016/J.JADOHEALTH.2006.05.011","LAND SR"
"PRIMACK BA, 2006, J ADOLESCENT HEALTH, V39, P465, DOI 10.1016/J.JADOHEALTH.2006.05.011","FINE MJ"
"NEWKIRK T, 2006, EDUC LEADERSHIP, V64, P62","NEWKIRK T"
"TRIER J, 2006, J ADOLESC ADULT LIT, V50, P68, DOI 10.1598/JAAL.50.1.7","TRIER J"
"BROSSARD D, 2006, SCI COMMUN, V28, P47, DOI 10.1177/1075547006291345","BROSSARD D"
"BROSSARD D, 2006, SCI COMMUN, V28, P47, DOI 10.1177/1075547006291345","SHANAHAN J"
"WILKSCH SM, 2006, INT J EAT DISORDER, V39, P385, DOI 10.1002/EAR.20237","WILKSCH SM"
"WILKSCH SM, 2006, INT J EAT DISORDER, V39, P385, DOI 10.1002/EAR.20237","TIGGEMANN M"
"WILKSCH SM, 2006, INT J EAT DISORDER, V39, P385, DOI 10.1002/EAR.20237","WADE TD"
"BRESCIA W, 2006, BRIT J EDUC TECHNOL, V37, P496, DOI 10.1111/J.1467-8535.2006.00607_6.X","BRESCIA W"
"VARGAS L, 2006, HISPANIC J BEHAV SCI, V28, P267, DOI 10.1177/0739986305285823","VARGAS L"
"WEASENFORTH D, 2006, LANG LEARN TECHNOL, V10, P25","WEASENFORTH D"
"GRUBA P, 2006, LANG LEARN TECHNOL, V10, P77","GRUBA P"
"ADAIR SM, 2006, PEDIATR DENT, V28, P223","ADAIR SM"
"BRUCE D, 2006, TEACH COLL REC, V108, P939","BRUCE D"
"BRUCE D, 2006, TEACH COLL REC, V108, P939","SCHWARZ G"
"PRIMACK BA, 2006, ARCH PEDIAT ADOL MED, V160, P369, DOI 10.1001/ARCHPEDI.160.4.369","PRIMACK BA"
"PRIMACK BA, 2006, ARCH PEDIAT ADOL MED, V160, P369, DOI 10.1001/ARCHPEDI.160.4.369","GOLD MA"
"PRIMACK BA, 2006, ARCH PEDIAT ADOL MED, V160, P369, DOI 10.1001/ARCHPEDI.160.4.369","SWITZER GE"
"PRIMACK BA, 2006, ARCH PEDIAT ADOL MED, V160, P369, DOI 10.1001/ARCHPEDI.160.4.369","HOBBS R"
"PRIMACK BA, 2006, ARCH PEDIAT ADOL MED, V160, P369, DOI 10.1001/ARCHPEDI.160.4.369","LAND SR"
"PRIMACK BA, 2006, ARCH PEDIAT ADOL MED, V160, P369, DOI 10.1001/ARCHPEDI.160.4.369","FINE MJ"
"AONO Y, 2006, GENES GENET SYST, V81, P153","AONO Y"
"TRIER J, 2006, J ADOLESC ADULT LIT-a, V49, P622, DOI 10.1598/JAAL.48.7.7","TRIER J"
"AUSTIN EW, 2006, PEDIATRICS, V117, PE423, DOI 10.1542/PEDS.2005-0953","AUSTIN EW"
"AUSTIN EW, 2006, PEDIATRICS, V117, PE423, DOI 10.1542/PEDS.2005-0953","CHEN YC"
"AUSTIN EW, 2006, PEDIATRICS, V117, PE423, DOI 10.1542/PEDS.2005-0953","PINKLETON BE"
"AUSTIN EW, 2006, PEDIATRICS, V117, PE423, DOI 10.1542/PEDS.2005-0953","JOHNSON JQ"
"PRIMACK BA, 2006, J ADOLESCENT HEALTH-a, V38, P93, DOI 10.1016/J.JADOHEALTH.2005.11.009","PRIMACK BA"
"PRIMACK BA, 2006, J ADOLESCENT HEALTH-a, V38, P93, DOI 10.1016/J.JADOHEALTH.2005.11.009","HOBBS R"
"PRIMACK BA, 2006, J ADOLESCENT HEALTH-a, V38, P93, DOI 10.1016/J.JADOHEALTH.2005.11.009","SWITZER GE"
"PRIMACK BA, 2006, J ADOLESCENT HEALTH-a, V38, P93, DOI 10.1016/J.JADOHEALTH.2005.11.009","LAND SR"
"PRIMACK BA, 2006, J ADOLESCENT HEALTH-a, V38, P93, DOI 10.1016/J.JADOHEALTH.2005.11.009","FINE MF"
"PRIMACK BA, 2006, J ADOLESCENT HEALTH-a, V38, P93, DOI 10.1016/J.JADOHEALTH.2005.11.009","GOLD MA"
"SEW JW, 2006, DISCOURSE SOC, V17, P137, DOI 10.1177/0957926506058108","SEW JW"
"ZHANG L, 2006, ELECTRON LIBR, V24, P294, DOI 10.1108/02640470610671169","ZHANG L"
"EVANS AE, 2006, FAM COMMUNITY HEALTH, V29, P43, DOI 10.1097/00003727-200601000-00006","EVANS AE"
"EVANS AE, 2006, FAM COMMUNITY HEALTH, V29, P43, DOI 10.1097/00003727-200601000-00006","DAVE J"
"EVANS AE, 2006, FAM COMMUNITY HEALTH, V29, P43, DOI 10.1097/00003727-200601000-00006","TANNER A"
"EVANS AE, 2006, FAM COMMUNITY HEALTH, V29, P43, DOI 10.1097/00003727-200601000-00006","DUHE S"
"EVANS AE, 2006, FAM COMMUNITY HEALTH, V29, P43, DOI 10.1097/00003727-200601000-00006","CONDRASKY M"
"EVANS AE, 2006, FAM COMMUNITY HEALTH, V29, P43, DOI 10.1097/00003727-200601000-00006","WILSON D"
"EVANS AE, 2006, FAM COMMUNITY HEALTH, V29, P43, DOI 10.1097/00003727-200601000-00006","GRIFFIN S"
"EVANS AE, 2006, FAM COMMUNITY HEALTH, V29, P43, DOI 10.1097/00003727-200601000-00006","PALMER M"
"EVANS AE, 2006, FAM COMMUNITY HEALTH, V29, P43, DOI 10.1097/00003727-200601000-00006","EVANS M"
"AUSTIN EW, 2006, INT J ADVERT, V25, P541","AUSTIN EW"
"LILLIS T, 2006, WRIT COMMUN, V23, P3, DOI 10.1177/0741088305283754","LILLIS T"
"LILLIS T, 2006, WRIT COMMUN, V23, P3, DOI 10.1177/0741088305283754","CURRY MJ"
"BEAN TW, 2005, J ADOLESC ADULT LIT, V49, P361, DOI 10.1598/JAAL.49.4.8","BEAN TW"
"HOBBS R, 2005, J COMMUN, V55, P865","HOBBS R"
"VILA HJ, 2005, TEACH COLL REC, V107, P2537, DOI 10.1111/J.1467-9620.2005.00626.X","VILA HJ"
"GRAY J, 2005, CRIT STUD MEDIA COMM, V22, P223, DOI 10.1080/07393180500201652","GRAY J"
"VILLANI VS, 2005, CHILD ADOL PSYCH CL, V14, P523, DOI 10.1016/J.CHC.2005.03.001","VILLANI VS"
"VILLANI VS, 2005, CHILD ADOL PSYCH CL, V14, P523, DOI 10.1016/J.CHC.2005.03.001","OLSON CK"
"VILLANI VS, 2005, CHILD ADOL PSYCH CL, V14, P523, DOI 10.1016/J.CHC.2005.03.001","JELLINEK MS"
"FOSTER AE, 2005, J LIBR INF SCI, V37, P108, DOI 10.1177/096100060503700212","FOSTER AE"
"KEENAN KL, 2005, JOURNALISM MASS COMM, V82, P462","KEENAN KL"
"NORTON-MEIER LA, 2005, J ADOLESC ADULT LIT, V48, P608, DOI 10.1598/JAAL.48.7.6","NORTON-MEIER LA"
"WADSWORTH LA, 2005, CAN J DIET PRACT RES, V66, P30, DOI 10.3148/66.1.2005.30","WADSWORTH LA"
"WADSWORTH LA, 2005, CAN J DIET PRACT RES, V66, P30, DOI 10.3148/66.1.2005.30","THOMPSON AM"
"WATKINS J, 2005, LECT NOTES COMPUT SC, V3815, P390","WATKINS J"
"WATKINS J, 2005, LECT NOTES COMPUT SC, V3815, P390","RUSSO A"
"AUSTIN EW, 2005, HEALTH COMMUN, V18, P75, DOI 10.1207/S15327027HC1801_4","AUSTIN EW"
"AUSTIN EW, 2005, HEALTH COMMUN, V18, P75, DOI 10.1207/S15327027HC1801_4","PINKLETON BE"
"AUSTIN EW, 2005, HEALTH COMMUN, V18, P75, DOI 10.1207/S15327027HC1801_4","HUST SJT"
"AUSTIN EW, 2005, HEALTH COMMUN, V18, P75, DOI 10.1207/S15327027HC1801_4","COHEN M"
"BROZO WG, 2004, J LIT RES, V36, P533, DOI 10.1207/S15548430JLR3604_5","BROZO WG"
"GALICIAN ML, 2004, AM BEHAV SCI, V48, P143, DOI 10.1177/0002764204268867","GALICIAN ML"
"BERGSMA LJ, 2004, AM BEHAV SCI, V48, P152, DOI 10.1177/0002764204267259","BERGSMA LJ"
"RICH M, 2004, AM BEHAV SCI, V48, P165, DOI 10.1177/0002764204267261","RICH M"
"GONZALES R, 2004, AM BEHAV SCI, V48, P189, DOI 10.1177/0002764204267263","GONZALES R"
"GONZALES R, 2004, AM BEHAV SCI, V48, P189, DOI 10.1177/0002764204267263","GLIK D"
"GONZALES R, 2004, AM BEHAV SCI, V48, P189, DOI 10.1177/0002764204267263","DAVOUDI M"
"GONZALES R, 2004, AM BEHAV SCI, V48, P189, DOI 10.1177/0002764204267263","ANG A"
"DENNIS EE, 2004, AM BEHAV SCI, V48, P202, DOI 10.1177/0002764204267264","DENNIS EE"
"BERG LRV, 2004, AM BEHAV SCI, V48, P219, DOI 10.1177/0002764204267266","BERG LRV"
"BERG LRV, 2004, AM BEHAV SCI, V48, P219, DOI 10.1177/0002764204267266","WENNER LA"
"NATHARIUS D, 2004, AM BEHAV SCI, V48, P238, DOI 10.1177/0002764204267269","NATHARIUS D"
"OLSON SR, 2004, AM BEHAV SCI, V48, P248, DOI 10.1177/0002764204267272","OLSON SR"
"OLSON SR, 2004, AM BEHAV SCI, V48, P248, DOI 10.1177/0002764204267272","POLLARD T"
"POTTER WJ, 2004, AM BEHAV SCI, V48, P266, DOI 10.1177/0002764204267274","POTTER WJ"
"GALICIAN ML, 2004, AM BEHAV SCI-a, V48, P7, DOI 10.1177//0002764204268774","GALICIAN ML"
"THOMAN E, 2004, AM BEHAV SCI, V48, P18, DOI 10.1177/0002764204267246","THOMAN E"
"THOMAN E, 2004, AM BEHAV SCI, V48, P18, DOI 10.1177/0002764204267246","JOLLS T"
"ROGOW F, 2004, AM BEHAV SCI, V48, P30, DOI 10.1177/0002764204267248","ROGOW F"
"HOBBS R, 2004, AM BEHAV SCI, V48, P42, DOI 10.1177/0002764204267250","HOBBS R"
"SCHEIBE CL, 2004, AM BEHAV SCI, V48, P60, DOI 10.1177/0002764204267251","SCHEIBE CL"
"KUBEY R, 2004, AM BEHAV SCI, V48, P69, DOI 10.1177/0002764204267252","KUBEY R"
"ALVERMANN DE, 2004, AM BEHAV SCI, V48, P78, DOI 10.1177/0002764204267271","ALVERMANN DE"
"HUNDLEY HL, 2004, AM BEHAV SCI, V48, P84, DOI 10.1177/0002764204267253","HUNDLEY HL"
"CHRIST WG, 2004, AM BEHAV SCI, V48, P92, DOI 10.1177/0002764204267254","CHRIST WG"
"CONSIDINE DM, 2004, AM BEHAV SCI, V48, P97, DOI 10.1177/0002764204267255","CONSIDINE DM"
"MERSKIN D, 2004, AM BEHAV SCI, V48, P119, DOI 10.1177/0002764204267257","MERSKIN D"
"HARRIS A, 2004, BRIT J EDUC STUD, V52, P206","HARRIS A"
"SWIENCICKI J, 2004, COLL COMPOS COMMUN, V55, P762, DOI 10.2307/4140670","SWIENCICKI J"
"LABERGE Y, 2004, EUR J COMMUN, V19, P249, DOI 10.1177/0267323104042920","LABERGE Y"
"MARSH J, 2004, J RES READ, V27, P181, DOI 10.1111/J.1467-9817.2004.225_4.X","MARSH J"
"BARON NS, 2004, J SOCIOLING, V8, P272","BARON NS"
"SILVERSTONE R, 2003, MEDIA CULT SOC, V26, P440, DOI 10.1177/0163443704042557","SILVERSTONE R"
"BEATY LM, 2004, ANTHROPOL EDUC QUART, V35","BEATY LM"
"KUBEY R, 2004, TELEV QUART, V34, P21","KUBEY R"
"HINDIN TJ, 2004, J AM DIET ASSOC, V104, P192, DOI 10.1016/J.JADA.2003.11.006","HINDIN TJ"
"HINDIN TJ, 2004, J AM DIET ASSOC, V104, P192, DOI 10.1016/J.JADA.2003.11.006","CONTENTO IR"
"HINDIN TJ, 2004, J AM DIET ASSOC, V104, P192, DOI 10.1016/J.JADA.2003.11.006","GUSSOW JD"
"BEATY LM, 2003, ANTHROPOL EDUC QUART, V34","BEATY LM"
"MOTOMURA K, 2003, J AESTHET EDUC, V37, P58","MOTOMURA K"
"FRANCIS C, 2003, MED J AUSTRALIA, V179, P638","FRANCIS C"
"FRANCIS C, 2003, MED J AUSTRALIA, V179, P638","PIRKIS JE"
"FRANCIS C, 2003, MED J AUSTRALIA, V179, P638","BLOOD RW"
"FRANCIS C, 2003, MED J AUSTRALIA, V179, P638","BULL PM"
"FRANCIS C, 2003, MED J AUSTRALIA, V179, P638","DUNT DR"
"GOODSON FT, 2003, J ADOLESC ADULT LIT, V47, P258","GOODSON FT"
"GOODSON FT, 2003, J ADOLESC ADULT LIT, V47, P258","NORTON-MEIER L"
"HULL GA, 2003, RES TEACH ENGL, V38, P229","HULL GA"
"HESSE P, 2003, YOUNG CHILDREN, V58, P20","HESSE P"
"HESSE P, 2003, YOUNG CHILDREN, V58, P20","LANE F"
"HILL SC, 2003, J SCHOOL HEALTH, V73, P239, DOI 10.1111/J.1746-1561.2003.TB06569.X","HILL SC"
"HILL SC, 2003, J SCHOOL HEALTH, V73, P239, DOI 10.1111/J.1746-1561.2003.TB06569.X","LINDSAY GB"
"HOBBS R, 2003, READ RES QUART, V38, P330, DOI 10.1598/RRQ.38.3.2","HOBBS R"
"HOBBS R, 2003, READ RES QUART, V38, P330, DOI 10.1598/RRQ.38.3.2","FROST R"
"ALVERMANN DE, 2003, READ RES QUART, V38, P386","ALVERMANN DE"
"ALVERMANN DE, 2003, READ RES QUART, V38, P386","REINKING D"
"HAGOOD MC, 2003, READ RES QUART, V38, P387","HAGOOD MC"
"NIXON H, 2003, READ RES QUART, V38, P407","NIXON H"
"PAYNE JG, 2003, J HEALTH COMMUN, V8, P124, DOI 10.1080/10810730390224983","PAYNE JG"
"PAYNE JG, 2003, J HEALTH COMMUN, V8, P124, DOI 10.1080/10810730390224983","SCHULTE SK"
"WADE TD, 2003, INT J EAT DISORDER, V33, P371, DOI 10.1002/EAT.10136","WADE TD"
"WADE TD, 2003, INT J EAT DISORDER, V33, P371, DOI 10.1002/EAT.10136","DAVIDSON S"
"WADE TD, 2003, INT J EAT DISORDER, V33, P371, DOI 10.1002/EAT.10136","O'DEA JA"
"SCHARRER E, 2002, J ADOLESC ADULT LIT, V46, P354","SCHARRER E"
"LELLIOTT A, 2002, COMPUT EDUC, V39, P313, DOI 10.1016/S0360-1315(02)00037-4","LELLIOTT A"
"MARTIN MA, 2002, J ADOLESC ADULT LIT, V46, P277","MARTIN MA"
"RAMANATHAN V, 2002, CAN MOD LANG REV, V59, P125, DOI 10.3138/CMLR.59.1.125","RAMANATHAN V"
"VAN HORN R, 2002, PHI DELTA KAPPAN, V84, P10, DOI 10.1177/003172170208400104","VAN HORN R"
"COHEN HL, 2002, EDUC GERONTOL, V28, P599, DOI 10.1080/03601270290099796","COHEN HL"
"BURCH E, 2002, MEDIA CULT SOC, V24, P571, DOI 10.1177/016344370202400408","BURCH E"
"ROBINSON A, 2002, ONLINE, V26, P29","ROBINSON A"
"ROBINSON A, 2002, ONLINE, V26, P29","NELSON E"
"CHRIST WG, 2002, J BROADCAST ELECTRON, V46, P321, DOI 10.1207/S15506878JOBEM4602_9","CHRIST WG"
"EDGERTON GR, 2002, J POP FILM TV, V30, P2, DOI 10.1080/01956050209605553","EDGERTON GR"
"EDGERTON GR, 2002, J POP FILM TV, V30, P2, DOI 10.1080/01956050209605553","MARSDEN MT"
"ROCKLER NR, 2002, J POP FILM TV, V30, P16, DOI 10.1080/01956050209605555","ROCKLER NR"
