id_paper,id_publisher
"HEPPELER J, 2018, J ADOLESC ADULT LIT, V61, P567, DOI 10.1002/JAAL.726",WILEY
"LI A, 2018, ASIA-PAC PSYCHIAT, V10, DOI 10.1111/APPY.12314",WILEY
"JAYACHANDRAN J, 2018, J CREAT COMMUN, V13, DOI 10.1177/0973258617743625",SAGE PUBLICATIONS INC
"JANG SM, 2018, COMPUT HUM BEHAV, V80, P295, DOI 10.1016/J.CHB.2017.11.034",PERGAMON-ELSEVIER SCIENCE LTD
"CAN B, 2018, PAMUKKALE U EGIT FAK, P31, DOI 10.9779/PUJE847",PAMUKKALE UNIV
"AUSTIN EW, 2018, J HEALTH COMMUN, V23, P190, DOI 10.1080/10810730.2018.1423649",TAYLOR & FRANCIS INC
"WIJAYANI I, 2017, TURK ONLINE J DES AR, V7, P1379, DOI 10.7456/1070DSE/112",ISTANBUL KULTUR UNIV
"TOROK M, 2017, SUICIDE LIFE-THREAT, V47, P672, DOI 10.1111/SLTB.12324",WILEY
"VENTURA RC, 2017, EDUC SIGLO XXI, V35, P295",EDIT UM-EDICIONES UNIV MURCIA
"GHIRARDI ALR, 2017, LINHA AGUA, V30, P51, DOI 10.11606/ISSN.2236-4242.V30I2P51-69",UNIV SAO PAULO
"GHIRARDI ALR, 2017, LINHA AGUA, V30, P51, DOI 10.11606/ISSN.2236-4242.V30I2P51-69", FAC FILOSOFIA LETRAS & CIENCIAS HUMANAS
"BARBOSA JP, 2017, LINHA AGUA, V30, P71, DOI 10.11606/ISSN.2236-4242.V30I2P71-91",UNIV SAO PAULO
"BARBOSA JP, 2017, LINHA AGUA, V30, P71, DOI 10.11606/ISSN.2236-4242.V30I2P71-91", FAC FILOSOFIA LETRAS & CIENCIAS HUMANAS
"WENINGER C, 2017, TEACH TEACH EDUC, V67, P429, DOI 10.1016/J.TATE.2017.07.013",PERGAMON-ELSEVIER SCIENCE LTD
"AL-ISSA A, 2017, ARAB WORLD ENGL J, V8, P3, DOI 10.24093/AWEJ/VOL8NO3.1",ARAB WORLD ENGLISH JOURNAL
"BIGELOW M, 2017, INT J INTERCULT REL, V60, P183, DOI 10.1016/J.IJINTREL.2017.04.002",PERGAMON-ELSEVIER SCIENCE LTD
"SCULL TM, 2017, J COMMUNITY PSYCHOL, V45, P796, DOI 10.1002/JCOP.21893",WILEY
"MARAVER-LOPEZ P, 2017, UNIVERSITAS, P211, DOI 10.17163/UNI.N27.2017.10",UNIV POLITECNICA SALESIANA ECUADOR-SALESIAN POLYTECNIC UNIV
"TREJO-QUINTANA J, 2017, PIXEL-BIT, P227, DOI 10.12795/PIXELBIT.2017.I51.015",UNIV SEVILLA
"TREJO-QUINTANA J, 2017, PIXEL-BIT, P227, DOI 10.12795/PIXELBIT.2017.I51.015", EDITORIAL
"RODRIGUEZ-LOPEZ J, 2017, REV MEDITERR COMUN, V8, P161, DOI 10.14198/MEDCOM2017.8.2.11",UNIV ALICANTE
"WADE TD, 2017, INT J EAT DISORDER, V50, P731, DOI 10.1002/EAT.22689",WILEY
"MCLEAN SA, 2017, INT J EAT DISORDER, V50, P847, DOI 10.1002/EAT.22708",WILEY
"WATERS S, 2017, J ADOLESC ADULT LIT, V61, P109, DOI 10.1002/JAAL.644",WILEY
"KNIBBE M, 2017, J PUBLIC HEALTH-UK, V39, P353, DOI 10.1093/PUBMED/FDW036",OXFORD UNIV PRESS
"LUCIDI F, 2017, FRONT PSYCHOL, V8, DOI 10.3389/FPSYG.2017.00749",FRONTIERS MEDIA SA
"REY J, 2017, CONVERGENCIA, P187",UNIV AUTONOMA ESTADO MEXICO
"KELLY C, 2017, J ADOLESC ADULT LIT, V60, P655, DOI 10.1002/JAAL.614",WILEY
"PETRANOVA D, 2017, COMMUN TODAY, V8, P52",UNIV SS CYRIL & METHODIUS TRNAVA
"PETRANOVA D, 2017, COMMUN TODAY, V8, P52", FAC MASS MEDIA COMMUNICATION
"MORAVCIKOVA M, 2017, COMMUN TODAY, V8, P132",UNIV SS CYRIL & METHODIUS TRNAVA
"MORAVCIKOVA M, 2017, COMMUN TODAY, V8, P132", FAC MASS MEDIA COMMUNICATION
"FIGUERAS-MAZ M, 2017, CATAL J COMMU CUL ST, V9, P135, DOI 10.1386/CJCS.9.1.135_1",INTELLECT LTD
"MOEKOTTE P, 2017, EUR J RES EDUC LEARN, V8, P103, DOI 10.3384/RELA.2000-7426.RELA9115",LINKOEPING UNIV ELECTRONIC PRESS
"MIHAILIDIS P, 2017, AM BEHAV SCI, V61, P441, DOI 10.1177/0002764217701217",SAGE PUBLICATIONS INC
"ROTHONI A, 2017, LINGUIST EDUC, V38, P92, DOI 10.1016/J.LINGED.2017.03.001",ELSEVIER SCIENCE BV
"QUINTANAL F, 2017, J LEARN STYLES, V10, P106",UTAH VALLEY UNIV
"AIREY J, 2017, HIGH EDUC, V73, P561, DOI 10.1007/S10734-015-9950-2",SPRINGER
"TULLY M, 2017, J BROADCAST ELECTRON, V61, P144, DOI 10.1080/08838151.2016.1273923",ROUTLEDGE JOURNALS
"TULLY M, 2017, J BROADCAST ELECTRON, V61, P144, DOI 10.1080/08838151.2016.1273923", TAYLOR & FRANCIS LTD
"SAUNDERS JM, 2017, J ADOLESC ADULT LIT, V60, P515, DOI 10.1002/JAAL.617",WILEY
"WOHLWEND KE, 2017, EARLY YEARS, V37, P62, DOI 10.1080/09575146.2016.1219699",ROUTLEDGE JOURNALS
"WOHLWEND KE, 2017, EARLY YEARS, V37, P62, DOI 10.1080/09575146.2016.1219699", TAYLOR & FRANCIS LTD
"GORDON CS, 2017, BMC PUBLIC HEALTH, V17, DOI 10.1186/S12889-017-4031-3",BIOMED CENTRAL LTD
"HU TT, 2017, EUR J COMMUN, V32, P79, DOI 10.1177/0267323116687823",SAGE PUBLICATIONS LTD
"VELAZQUEZ I, 2017, INT J BILINGUAL, V21, P21, DOI 10.1177/1367006915596377",SAGE PUBLICATIONS LTD
"ROGERS A, 2017, INT REV EDUC, V63, P137, DOI 10.1007/S11159-016-9600-7",SPRINGER
"DUURSMA E, 2017, J CHILD FAM STUD, V26, P612, DOI 10.1007/S10826-016-0584-5",SPRINGER
"DANOV D, 2017, CHUZHDOEZIKOVO OBUC, V44, P42",NATSIONALNO IZDATELSTVO AZ BUKI
"OSMANCEVIC L, 2017, MEDIJSKE STUD, V8, P122",SVEUCILISTE & ZAGREBU
"OSMANCEVIC L, 2017, MEDIJSKE STUD, V8, P122", FAK POLITICKIH ZNANOSTI
"FIIALKA S, 2017, MEDIAOBRAZOVANIE, P7",UNESCO
"FIIALKA S, 2017, MEDIAOBRAZOVANIE, P7", MOSCOW OFFICE
"GALAKTIONOVA T, 2017, MEDIAOBRAZOVANIE, P47",UNESCO
"GALAKTIONOVA T, 2017, MEDIAOBRAZOVANIE, P47", MOSCOW OFFICE
"TEPLYASHINA AN, 2017, MEDIAOBRAZOVANIE, P62",UNESCO
"TEPLYASHINA AN, 2017, MEDIAOBRAZOVANIE, P62", MOSCOW OFFICE
"WENINGER C, 2017, ASIA PAC J EDUC, V37, P500, DOI 10.1080/02188791.2017.1336429",ROUTLEDGE JOURNALS
"WENINGER C, 2017, ASIA PAC J EDUC, V37, P500, DOI 10.1080/02188791.2017.1336429", TAYLOR & FRANCIS LTD
"VAN AUDENHOVE L, 2017, TIJDSCHR COMMUNWET, V45, P244",UITGEVERIJ BOOM BV
"SYZONOV D, 2017, SCI EDUC-UKRAINE, P82, DOI 10.24195/2414-4665-2017-7-13",SOUTH UKRAINIAN NATL UNIV K D USHYNSKY
"DANEELS R, 2017, CYBERPSYCHOLOGY, V11, DOI 10.5817/CP2017-3-5",MASARYKOVA UNIV
"DANEELS R, 2017, CYBERPSYCHOLOGY, V11, DOI 10.5817/CP2017-3-5", FAC SOCIAL STUDIES
"GARIFULLIN VZ, 2017, AD ALTA-INTERDISCIP, V7, P103",MAGNANIMITAS
"DIAZ VM, 2017, EDMETIC, V6, P1",UNIV CORDOBA
"DIAZ VM, 2017, EDMETIC, V6, P1", FAC CIENCIAS EDUCACION
"GUERRERO IMM, 2017, EDMETIC, V6, P149, DOI 10.21071/EDMETIC.V6I2.6943",UNIV CORDOBA
"GUERRERO IMM, 2017, EDMETIC, V6, P149, DOI 10.21071/EDMETIC.V6I2.6943", FAC CIENCIAS EDUCACION
"POWELL M, 2017, LEARN MEDIA TECHNOL, V42, P378",ROUTLEDGE JOURNALS
"POWELL M, 2017, LEARN MEDIA TECHNOL, V42, P378", TAYLOR & FRANCIS LTD
"POTTER J, 2017, LEARN MEDIA TECHNOL, V42, P387, DOI 10.1080/17439884.2017.1397019",ROUTLEDGE JOURNALS
"POTTER J, 2017, LEARN MEDIA TECHNOL, V42, P387, DOI 10.1080/17439884.2017.1397019", TAYLOR & FRANCIS LTD
"LABAS D, 2017, NOVA PRISUT, V15, P211",KRSCANSKI AKAD KRUG
"BONFIGLIO RP, 2017, BIBLIC INTERPRET, V25, P293, DOI 10.1163/15685152-00253P02",BRILL ACADEMIC PUBLISHERS
"[ANONYMOUS], 2017, MEDIAOBRAZOVANIE, P6",UNESCO
"[ANONYMOUS], 2017, MEDIAOBRAZOVANIE, P6", MOSCOW OFFICE
"GENDINA N, 2017, MEDIAOBRAZOVANIE, P27",UNESCO
"GENDINA N, 2017, MEDIAOBRAZOVANIE, P27", MOSCOW OFFICE
"KITSA M, 2017, MEDIAOBRAZOVANIE, P79",UNESCO
"KITSA M, 2017, MEDIAOBRAZOVANIE, P79", MOSCOW OFFICE
"JOANOU JP, 2017, MULTICULT PERSPECT, V19, P40, DOI 10.1080/15210960.2017.1267514",TAYLOR & FRANCIS INC
"CHEN Y, 2017, HEALTH COMMUN, V32, P1310, DOI 10.1080/10410236.2016.1220041",ROUTLEDGE JOURNALS
"CHEN Y, 2017, HEALTH COMMUN, V32, P1310, DOI 10.1080/10410236.2016.1220041", TAYLOR & FRANCIS LTD
"ASTAKHOVA LV, 2017, MEDIAOBRAZOVANIE, P14",UNESCO
"ASTAKHOVA LV, 2017, MEDIAOBRAZOVANIE, P14", MOSCOW OFFICE
"KIM SJ, 2017, J CHILD MEDIA, V11, P198, DOI 10.1080/17482798.2017.1297246",ROUTLEDGE JOURNALS
"KIM SJ, 2017, J CHILD MEDIA, V11, P198, DOI 10.1080/17482798.2017.1297246", TAYLOR & FRANCIS LTD
"SCHREURS K, 2017, CAN J COMMUN, V42, P359, DOI 10.22230/CJC2017V42N2A3130",CANADIAN JOURNAL COMMUNICATION
"CUBBAGE J, 2017, J HUM BEHAV SOC ENVI, V27, P498, DOI 10.1080/10911359.2016.1184115",ROUTLEDGE JOURNALS
"CUBBAGE J, 2017, J HUM BEHAV SOC ENVI, V27, P498, DOI 10.1080/10911359.2016.1184115", TAYLOR & FRANCIS LTD
"DHILLON M, 2017, J INDIAN ASSOC CHILD, V13, P48",INDIAN ASSOC CHILD & ADOLESCENT MENTAL HEALTH
"HERZBERG TS, 2017, J VISUAL IMPAIR BLIN, V111, P49",AMER FOUNDATION BLIND
"HOBBS R, 2017, BRIT J EDUC TECHNOL, V48, P7, DOI 10.1111/BJET.12326",WILEY-BLACKWELL
"DIERGARTEN AK, 2017, J APPL DEV PSYCHOL, V48, P33, DOI 10.1016/J.APPDEV.2016.11.007",ELSEVIER SCIENCE INC
"SCARCELLI CM, 2016, TECNOSCIENZA, V7, P81",TECNOSCIENZA
"KARAA IE, 2016, EDUC SCI-THEOR PRACT, V16, P1865, DOI 10.12738/ESTP.2016.6.0415",EDAM
"BICKEL L, 2016, BIBL FORSCH PRAX, V40, P378, DOI 10.1515/BFP-2016-0060",WALTER DE GRUYTER GMBH
"MCLEAN SA, 2016, BODY IMAGE, V19, P9, DOI 10.1016/J.BODYIM.2016.08.002",ELSEVIER SCIENCE BV
"MORAVCIKOVA M, 2016, EUR J SCI THEOL, V12, P211",ACAD ORGANISATION ENVIRONMENTAL ENGINEERING & SUSTAINABLE DEV
"MCLEAN SA, 2016, J EAT DISORD, V4, DOI 10.1186/S40337-016-0116-0",BIOMED CENTRAL LTD
"SORIANO CRR, 2016, INFORM SOC, V32, P354, DOI 10.1080/01972243.2016.1212620",TAYLOR & FRANCIS INC
"VRABEC N, 2016, COMMUN TODAY, V7, P100",UNIV SS CYRIL & METHODIUS TRNAVA
"VRABEC N, 2016, COMMUN TODAY, V7, P100", FAC MASS MEDIA COMMUNICATION
"GORDON CS, 2016, J STUD ALCOHOL DRUGS, V77, P950, DOI 10.15288/JSAD.2016.77.950",ALCOHOL RES DOCUMENTATION INC CENT ALCOHOL STUD RUTGERS UNIV
"KLINE K, 2016, EDUC THEORY, V66, P641, DOI 10.1111/EDTH.12203",WILEY
"BIER MC, 2016, J SCHOOL HEALTH, V86, P717, DOI 10.1111/JOSH.12425",WILEY-BLACKWELL
"NUPAIROJ N, 2016, COMUNICAR, P29, DOI 10.3916/C49-2016-03",GRUPO COMUNICAR
"CAPRINO MP, 2016, COMUNICAR, P39, DOI 10.3916/C49-2016-04",GRUPO COMUNICAR
"GONZALEZ-FERNANDEZ N, 2016, CULT EDUC, V28, P468, DOI 10.1080/11356405.2016.1196898",ROUTLEDGE JOURNALS
"GONZALEZ-FERNANDEZ N, 2016, CULT EDUC, V28, P468, DOI 10.1080/11356405.2016.1196898", TAYLOR & FRANCIS LTD
"ZHANG Z, 2016, TEACH TEACH EDUC, V59, P146, DOI 10.1016/J.TATE.2016.05.017",PERGAMON-ELSEVIER SCIENCE LTD
"BELOVA N, 2016, INT J SCI MATH EDUC, V14, P1233, DOI 10.1007/S10763-015-9650-5",SPRINGER
"FRIESEM E, 2016, J COMMUN INQ, V40, P370, DOI 10.1177/0196859916656837",SAGE PUBLICATIONS INC
"KOC M, 2016, COMPUT HUM BEHAV, V63, P834, DOI 10.1016/J.CHB.2016.06.035",PERGAMON-ELSEVIER SCIENCE LTD
"MUDHAI OF, 2016, J AFR MEDIA STUD, V8, P267, DOI 10.1386/JAMS.8.3.267_1",INTELLECT LTD
"HAYNAL K, 2016, J MASS COMMUN Q, V93, P684, DOI 10.1177/1077699016659075C",SAGE PUBLICATIONS INC
"PARSONS CE, 2016, INT J BILING EDUC BI, V19, P511, DOI 10.1080/13670050.2015.1019412",ROUTLEDGE JOURNALS
"PARSONS CE, 2016, INT J BILING EDUC BI, V19, P511, DOI 10.1080/13670050.2015.1019412", TAYLOR & FRANCIS LTD
"ZHANG H, 2016, ASIA-PAC EDUC RES, V25, P579, DOI 10.1007/S40299-016-0285-2",SPRINGER HEIDELBERG
"MCLEAN SA, 2016, J YOUTH ADOLESCENCE, V45, P1678, DOI 10.1007/S10964-016-0440-3",SPRINGER/PLENUM PUBLISHERS
"GARCIA AR, 2016, AULA ABIERTA, V44, P55, DOI 10.1016/J.AULA.2015.08.002",ELSEVIER SCIENCE BV
"RANIERI M, 2016, EUR EDUC RES J, V15, P462, DOI 10.1177/1474904116629685",SAGE PUBLICATIONS LTD
"HERGUETA-COVACHO E, 2016, REV MEDITERR COMUN, V7, P47, DOI 10.14198/MEDCOM2016.7.2.4",UNIV ALICANTE
"GIL-QUINTANA J, 2016, REV MEDITERR COMUN, V7, P59, DOI 10.1498/MEDCOM2016.7.2.5",UNIV ALICANTE
"APARICI R, 2016, ESPACIOS BLANCO, V26, P35",UNIV NAC CENTRO PROVINCIA BUENOS AIRES
"JIMENEZ VM, 2016, PRISM SOC, P322",FUNDACION IS&D INVESTIGACION SOCIAL AVANZADA
"AARSAND P, 2016, DISCOURSE CONTEXT ME, V12, P20, DOI 10.1016/J.DCM.2016.03.002",ELSEVIER SCI LTD
"GORDON CS, 2016, AUST NZ J PUBL HEAL, V40, P231, DOI 10.1111/1753-6405.12459",WILEY
"SOBRINO MAO, 2016, PRISM SOC, P279",FUNDACION IS&D INVESTIGACION SOCIAL AVANZADA
"GOMEZ PN, 2016, PRISM SOC, P311",FUNDACION IS&D INVESTIGACION SOCIAL AVANZADA
"JENSON J, 2016, ELECTRON J E-LEARN, V14, P111",ACAD CONFERENCES & PUBL INT LTD
"VLIEGHE J, 2016, NEW MEDIA SOC, V18, P800, DOI 10.1177/1461444814547683",SAGE PUBLICATIONS LTD
"NELSON KM, 2016, ARCH SEX BEHAV, V45, P787, DOI 10.1007/S10508-016-0712-8",SPRINGER/PLENUM PUBLISHERS
"RIVERA R, 2016, EVALUATION REV, V40, P142, DOI 10.1177/0193841X16666196",SAGE PUBLICATIONS INC
"AYHAN C, 2016, TURK ONLINE J DES AR, V6, P91, DOI 10.7456/10602100/003",ISTANBUL KULTUR UNIV
"SUPSAKOVA B, 2016, COMMUN TODAY, V7",UNIV SS CYRIL & METHODIUS TRNAVA
"SUPSAKOVA B, 2016, COMMUN TODAY, V7", FAC MASS MEDIA COMMUNICATION
"CHANG FC, 2016, J HEALTH PSYCHOL, V21, P513, DOI 10.1177/1359105314530451",SAGE PUBLICATIONS LTD
"KUNG FW, 2016, ASIA-PAC EDUC RES, V25, P337, DOI 10.1007/S40299-015-0268-8",SPRINGER HEIDELBERG
"BARUT E, 2016, CUKUROVA UNIV FAC ED, V45, P49",CUKUROVA UNIV
"AMES MG, 2016, INFORM SOC, V32, P85, DOI 10.1080/01972243.2016.1130497",TAYLOR & FRANCIS INC
"STORKSDIECK M, 2016, CULT STUD SCI EDUCAT, V11, P167, DOI 10.1007/S11422-015-9714-4",SPRINGER
"LEN-RIOS ME, 2016, PUBLIC RELAT REV, V42, P101, DOI 10.1016/J.PUBREV.2015.10.003",ELSEVIER SCIENCE INC
"NEAG A, 2016, CENT EUR J COMMUN, V9, P104, DOI 10.19195/1899-5101.9.1(16).7",WYDAWNICTWO UNIWERSYTETU WROCLAWSKIEGO
"PEEK HS, 2016, ACAD PSYCHIATR, V40, P177, DOI 10.1007/S40596-015-0382-1",SPRINGER
"SHENSA A, 2016, HEALTH EDUC RES, V31, P48, DOI 10.1093/HER/CYV062",OXFORD UNIV PRESS
"KESLER T, 2016, READ WRIT Q, V32, P1, DOI 10.1080/10573569.2013.857976",ROUTLEDGE JOURNALS
"KESLER T, 2016, READ WRIT Q, V32, P1, DOI 10.1080/10573569.2013.857976", TAYLOR & FRANCIS LTD
"KIURU KV, 2016, ART-SANAT, P460",ISTANBUL UNIV
"KIURU KV, 2016, ART-SANAT, P460", RESEARCH INST TURKOLOGY
"KIURU KV, 2016, ART-SANAT, P460", DEPT ART HISTORY
"RUZIC N, 2016, NOVA PRISUT, V14, P69",KRSCANSKI AKAD KRUG
"PERAN S, 2016, NOVA PRISUT, V14, P379",KRSCANSKI AKAD KRUG
"CHEUNG CK, 2016, INT J ADOLESC YOUTH, V21, P215, DOI 10.1080/02673843.2013.821078",ROUTLEDGE JOURNALS
"CHEUNG CK, 2016, INT J ADOLESC YOUTH, V21, P215, DOI 10.1080/02673843.2013.821078", TAYLOR & FRANCIS LTD
"CHUEN EM, 2016, J KOMUN, V32, P691",NATL UNIV MALAYSIA
"CHUEN EM, 2016, J KOMUN, V32, P691", FAC SOCIAL SCIENCES & HUMANITIES
"PAGAN FJB, 2016, PROFESORADO, V20, P199",UNIV GRANADA
"PAGAN FJB, 2016, PROFESORADO, V20, P199", GRUPO INVESTIGACION FORCE
"AREVALO-MARTINEZ RI, 2016, REV LAT COMUN SOC, V71, P800, DOI 10.4185/RLCS-2016-1121",LABORATORIO TECNOLOGIAS INFORMACION & NUEVOS ANALISIS COMUNICACION;   SOCIAL
"FEDOROV A, 2016, EUR J CONTEMP EDUC, V16, P205, DOI 10.13187/EJCED.2016.16.205",ACAD PUBLISHER HOUSE RESEARCHER
"FEDOROV A, 2016, EUR J CONTEMP EDUC-a, V17, P324, DOI 10.13187/EJCED.2016.17.324",ACAD PUBLISHER HOUSE RESEARCHER
"SEKARASIH L, 2016, J CHILD MEDIA, V10, P369, DOI 10.1080/17482798.2016.1157503",ROUTLEDGE JOURNALS
"SEKARASIH L, 2016, J CHILD MEDIA, V10, P369, DOI 10.1080/17482798.2016.1157503", TAYLOR & FRANCIS LTD
"FLORES-KOULISH SA, 2016, J RES CHILD EDUC, V30, P349, DOI 10.1080/02568543.2016.1178673",ROUTLEDGE JOURNALS
"FLORES-KOULISH SA, 2016, J RES CHILD EDUC, V30, P349, DOI 10.1080/02568543.2016.1178673", TAYLOR & FRANCIS LTD
"VOCKIC-AVDAGIC J, 2016, MEDIJSKE STUD, V7, P156",SVEUCILISTE & ZAGREBU
"VOCKIC-AVDAGIC J, 2016, MEDIJSKE STUD, V7, P156", FAK POLITICKIH ZNANOSTI
"MACKNIGHT C, 2016, INT J ASIA PAC STUD, V12, P53, DOI 10.21315/IJAPS2016.12.S1.4",PENERBIT UNIV SAINS MALAYSIA
"KAVANAUGH JR, 2016, REF SERV REV, V44, P132, DOI 10.1108/RSR-02-2016-0019",EMERALD GROUP PUBLISHING LTD
"DRUICK Z, 2016, INT J COMMUN-US, V10, P1125",USC ANNENBERG PRESS
"AYBEK B, 2016, EURASIAN J EDUC RES, P261, DOI 10.14689/EJER.2016.63.15",ANI YAYINCILIK
"ABRAMS LR, 2016, PUBLIC HEALTH GENOM, V19, P282, DOI 10.1159/000447944",KARGER
"MINASSIAN L, 2016, REV ANTHROPOL CONNAI, V10, P373, DOI 10.3917/RAC.032.0373",SOC ANTHROPOLOGIE CONNAISSANCES
"EL-GUEBALY L, 2016, CAN J STUDY ADULT ED, V28, P65",UNIV CALGARY PRESS
"GOESSLING KP, 2016, MIND CULT ACT, V23, P179, DOI 10.1080/10749039.2016.1155624",ROUTLEDGE JOURNALS
"GOESSLING KP, 2016, MIND CULT ACT, V23, P179, DOI 10.1080/10749039.2016.1155624", TAYLOR & FRANCIS LTD
"GERTRUDIX-BARRIO F, 2016, REV LATINOAM TECNOL, V15, P113, DOI 10.17398/1695-288X.15.2.113",UNIV EXTREMADURA
"GERTRUDIX-BARRIO F, 2016, REV LATINOAM TECNOL, V15, P113, DOI 10.17398/1695-288X.15.2.113", FAC EDUCACION
"AUSTIN EW, 2016, J HEALTH COMMUN, V21, P600, DOI 10.1080/10810730.2016.1153761",TAYLOR & FRANCIS INC
"ROMERO-RODRIGUEZ LM, 2016, FONSECA, P11, DOI 10.14201/FJC2016121125",EDICIONES UNIV SALAMANCA
"CLAVERO IBANEZ DE GARAYO S, 2016, FONSECA, P167, DOI 10.14201/FJC201612167182",EDICIONES UNIV SALAMANCA
"MARTA-LAZO C, 2016, J UNIVERS COMPUT SCI, V22, P37",GRAZ UNIV TECHNOLGOY
"MARTA-LAZO C, 2016, J UNIVERS COMPUT SCI, V22, P37", INST INFORMATION SYSTEMS COMPUTER MEDIA-IICM
"PFAFF-RUDIGER S, 2016, J CHILD MEDIA, V10, P164, DOI 10.1080/17482798.2015.1127838",ROUTLEDGE JOURNALS
"PFAFF-RUDIGER S, 2016, J CHILD MEDIA, V10, P164, DOI 10.1080/17482798.2015.1127838", TAYLOR & FRANCIS LTD
"CRUZ XAN, 2016, REV LAT COMUN SOC, V71, P197, DOI 10.4185/RLCS-2016-1091",LABORATORIO TECNOLOGIAS INFORMACION & NUEVOS ANALISIS COMUNICACION;   SOCIAL
"LOZANOVA L, 2016, MEDIAOBRAZOVANIE, P47",UNESCO
"LOZANOVA L, 2016, MEDIAOBRAZOVANIE, P47", MOSCOW OFFICE
"CHELYSHEVA I, 2016, MEDIAOBRAZOVANIE, P71",UNESCO
"CHELYSHEVA I, 2016, MEDIAOBRAZOVANIE, P71", MOSCOW OFFICE
"MASON L, 2016, CURRICULUM INQ, V46, P79, DOI 10.1080/03626784.2015.1113511",TAYLOR & FRANCIS LTD
"VANWESENBEECK I, 2016, J ADVERTISING, V45, P183, DOI 10.1080/00913367.2015.1123125",ROUTLEDGE JOURNALS
"VANWESENBEECK I, 2016, J ADVERTISING, V45, P183, DOI 10.1080/00913367.2015.1123125", TAYLOR & FRANCIS LTD
"WATSON A, 2016, J INVEST MED, V64, P303, DOI 10.1136/JIM-D-15-00013.386",LIPPINCOTT WILLIAMS & WILKINS
"NADIRAH MSN, 2016, INT FOOD RES J, V23, P381",UNIV PUTRA MALAYSIA PRESS
"PATTERSON AN, 2016, MERIDIANS, V15, P40, DOI 10.2979/MERIDIANS.15.1.04",INDIANA UNIV PRESS
"BANERJEE SC, 2015, TRANSL BEHAV MED, V5, P425, DOI 10.1007/S13142-015-0329-9",SPRINGER INTERNATIONAL PUBLISHING AG
"MILLINGTON B, 2015, J AGING STUD, V35, P160, DOI 10.1016/J.JAGING.2015.08.005",ELSEVIER SCIENCE INC
"MAGUIRE M, 2015, J MASS COMMUN Q, V92, P1020, DOI 10.1177/1077699015610327Q",SAGE PUBLICATIONS INC
"VANWYNSBERGHE H, 2015, J LIBR INF SCI, V47, P283, DOI 10.1177/0961000613520027",SAGE PUBLICATIONS LTD
"LARCOM M, 2015, GERONTOLOGIST, V55, P213",OXFORD UNIV PRESS INC
"WEEDON A, 2015, CONVERGENCE-US, V21, P405, DOI 10.1177/1354856515601656",SAGE PUBLICATIONS INC
"MOSES AM, 2015, EARLY CHILD EDUC J, V43, P485, DOI 10.1007/S10643-015-0690-9",SPRINGER
"PARK S, 2015, YOUTH SOC, V47, P829, DOI 10.1177/0044118X14561008",SAGE PUBLICATIONS INC
"LIN TB, 2015, ASIA PAC J EDUC, V35, P423, DOI 10.1080/02188791.2013.860012",ROUTLEDGE JOURNALS
"LIN TB, 2015, ASIA PAC J EDUC, V35, P423, DOI 10.1080/02188791.2013.860012", TAYLOR & FRANCIS LTD
"FRIAS-GUZMAN M, 2015, PERSPECT CIENC INF, V20, P15, DOI 10.1590/1981-5344/2393",UNIV FEDERAL MINAS GERAIS
"FRIAS-GUZMAN M, 2015, PERSPECT CIENC INF, V20, P15, DOI 10.1590/1981-5344/2393", ESCOLA BIBLIOTECONOMIA
"ARISTIZABAL P, 2015, REV INVESTIG EDUC, V13, P243",DIPUTACION PROVINCIAL PONTEVEDRA
"PARTRIDGE RS, 2015, INT J BUS COMMUN, V52, P479, DOI 10.1177/2329488415598431",SAGE PUBLICATIONS INC
"BROCK M, 2015, J LANG LIT EDUC, V11, P197",UNIV GEORGIA
"BROCK M, 2015, J LANG LIT EDUC, V11, P197", COLL EDUCATION
"PROKHOROV A, 2015, J FILM VIDEO, V67, P112",UNIV ILLINOIS PRESS
"GUERRERO-PICO M, 2015, PALABRA CLAVE, V18, P722, DOI 10.5294/PACLA.2015.18.3.5",UNIV SABANA
"GUERRERO-PICO M, 2015, PALABRA CLAVE, V18, P722, DOI 10.5294/PACLA.2015.18.3.5", FAC COMUNICACION
"DAVIS S, 2015, REV COMUN MIDIATICA, V10, P11",UNIV ESTADUAL PAULISTA JULIO MESQUITA FILHO
"DAVIS S, 2015, REV COMUN MIDIATICA, V10, P11",  FAC ARQUITETURA ARTES &;   COMUN
"DALTON RW, 2015, RELIG EDUC, V110, P395, DOI 10.1080/00344087.2015.1063963",TAYLOR & FRANCIS INC
"CARR PR, 2015, CRIT EDUC, V6, P1",UNIV BRITISH COLUMBIA
"CARR PR, 2015, CRIT EDUC, V6, P1", FAC EDUCATION
"GORDON CS, 2015, HEALTH EDUC RES, V30, P682, DOI 10.1093/HER/CYV027",OXFORD UNIV PRESS
"AUSTIN EW, 2015, MASS COMMUN SOC, V18, P399, DOI 10.1080/15205436.2014.1001909",ROUTLEDGE JOURNALS
"AUSTIN EW, 2015, MASS COMMUN SOC, V18, P399, DOI 10.1080/15205436.2014.1001909", TAYLOR & FRANCIS LTD
"VRAGA EK, 2015, MASS COMMUN SOC, V18, P422, DOI 10.1080/15205436.2014.1001910",ROUTLEDGE JOURNALS
"VRAGA EK, 2015, MASS COMMUN SOC, V18, P422, DOI 10.1080/15205436.2014.1001910", TAYLOR & FRANCIS LTD
"AGUADED I, 2015, RIED-REV IBEROAM EDU, V18, P275, DOI 10.5944/RIED.18.2.13407",ASOC IBEROAMERICANA EDUCACION SUPERIOR DISTANCIA
"LEE L, 2015, COMPUT EDUC, V85, P84, DOI 10.1016/J.COMPEDU.2015.02.006",PERGAMON-ELSEVIER SCIENCE LTD
"MANDROLA J, 2015, J AM COLL CARDIOL, V65, P2461",ELSEVIER SCIENCE INC
"CALDEIRO-PEDREIRA MC, 2015, REV DIGIT INVEST DOC, V9, P37",UNIV PERUANA CIENCIAS APLICADAS
"KARPATI A, 2015, INT J EDUC ART, V11, P330",INTELLECT LTD
"HINDMARSH CS, 2015, HEALTH EDUC RES, V30, P449, DOI 10.1093/HER/CYV015",OXFORD UNIV PRESS
"DEZUANNI M, 2015, J CURRICULUM STUD, V47, P416, DOI 10.1080/00220272.2014.966152",ROUTLEDGE JOURNALS
"DEZUANNI M, 2015, J CURRICULUM STUD, V47, P416, DOI 10.1080/00220272.2014.966152", TAYLOR & FRANCIS LTD
"RIBEIRO PESSOA MT, 2015, PROFESORADO, V19, P75",UNIV GRANADA
"RIBEIRO PESSOA MT, 2015, PROFESORADO, V19, P75", GRUPO INVESTIGACION FORCE
"LIAO LL, 2015, ANN BEHAV MED, V49, PS107",SPRINGER
"PEREIRA S, 2015, EDUC POLICY, V29, P316, DOI 10.1177/0895904813492378",CORWIN PRESS INC A SAGE PUBLICATIONS CO
"SCHARRER E, 2015, J SOC ISSUES, V71, P171, DOI 10.1111/JOSI.12103",WILEY-BLACKWELL
"TEICHERT L, 2015, J EARLY CHILD LIT, V15, P141, DOI 10.1177/1468798414552429",SAGE PUBLICATIONS LTD
"EGBERT J, 2015, TESOL J, V6, P177, DOI 10.1002/TESJ.182",WILEY
"MOHAMAD E, 2015, J KOMUN, V31, P83",NATL UNIV MALAYSIA
"MOHAMAD E, 2015, J KOMUN, V31, P83", FAC SOCIAL SCIENCES & HUMANITIES
"NAZIROGLU B, 2015, DINBILIMLERI AKAD AR, V15, P191",DINBILIMLERI AKAD ARASTIRMA MERKEZI
"LEVITSKAYA A, 2015, EUR J CONTEMP EDUC, V14, P223, DOI 10.13187/EJCED.2015.14.223",ACAD PUBLISHER HOUSE RESEARCHER
"WANG ZJ, 2015, CHIN LANG DISCOURSE, V6, P104, DOI 10.1075/CLD.6.1.05WAN",JOHN BENJAMINS PUBLISHING CO
"TUCHO F, 2015, REV LAT COMUN SOC, V70, P689, DOI 10.4185/RLCS-2015-1066",LABORATORIO TECNOLOGIAS INFORMACION & NUEVOS ANALISIS COMUNICACION;   SOCIAL
"DORNALETECHE-RUIZ J, 2015, COMUNICAR, P177, DOI 10.3916/C44-2015-19",GRUPO COMUNICAR
"LOPEZ L, 2015, COMUNICAR, P187, DOI 10.3916/C44-2015-20",GRUPO COMUNICAR
"TEWKSBURY D, 2015, TRIPLEC-COMMUN CAPIT, V13, P526",TRIPLEC
"BUITRAGO A, 2015, INDEX COMUN, V5, P101",UNIV REY JUAN CARLOS
"BUITRAGO A, 2015, INDEX COMUN, V5, P101", FAC CIENCIAS COMUNICACION
"RABADAN AV, 2015, J NEW APPROACHES EDU, V4, P32, DOI 10.7821/NAER.2015.1.96",UNIV ALICANTE
"RABADAN AV, 2015, J NEW APPROACHES EDU, V4, P32, DOI 10.7821/NAER.2015.1.96", GRUPO INVESTIGACION EDUTIC-ADEI
"TSE CKW, 2015, JMIR RES PROTOC, V4, DOI 10.2196/RESPROT.3285",JMIR PUBLICATIONS
"TSE CKW, 2015, JMIR RES PROTOC, V4, DOI 10.2196/RESPROT.3285", INC
"CERIGATTO MP, 2015, INFORM SOC-ESTUD, V25, P39",UNIV FEDERAL CAMPINA GRANDE
"VANWYNSBERGHE H, 2015, TIJDSCHR COMMUNWET, V43, P84",UITGEVERIJ BOOM BV
"JOCSON KM, 2015, CURRICULUM INQ, V45, P30, DOI 10.1080/03626784.2014.982490",TAYLOR & FRANCIS LTD
"BAILEY M, 2015, J INVEST MED, V63, P186",LIPPINCOTT WILLIAMS & WILKINS
"MARTENS H, 2015, ATL J COMMUN, V23, P120, DOI 10.1080/15456870.2014.961636",ROUTLEDGE JOURNALS
"MARTENS H, 2015, ATL J COMMUN, V23, P120, DOI 10.1080/15456870.2014.961636", TAYLOR & FRANCIS LTD
"MERCEA D, 2015, COMMUN REV, V18, P189, DOI 10.1080/10714421.2015.1058102",ROUTLEDGE JOURNALS
"MERCEA D, 2015, COMMUN REV, V18, P189, DOI 10.1080/10714421.2015.1058102", TAYLOR & FRANCIS LTD
"SUN C, 2015, COMMUN REV, V18, P294, DOI 10.1080/10714421.2015.1085778",ROUTLEDGE JOURNALS
"SUN C, 2015, COMMUN REV, V18, P294, DOI 10.1080/10714421.2015.1085778", TAYLOR & FRANCIS LTD
"FEDOROV A, 2015, EUR J CONTEMP EDUC, V13, P178, DOI 10.13187/EJCED.2015.13.178",ACAD PUBLISHER HOUSE RESEARCHER
"YOUNG JA, 2015, J TECHNOL HUMAN SERV, V33, P72, DOI 10.1080/15228835.2014.998577",ROUTLEDGE JOURNALS
"YOUNG JA, 2015, J TECHNOL HUMAN SERV, V33, P72, DOI 10.1080/15228835.2014.998577", TAYLOR & FRANCIS LTD
"PEROVIC J, 2015, MEDIA COMMUN, V3, P91, DOI 10.17645/MAC.V3I4.335",COGITATIO PRESS
"CRUZ-DIAZ MR, 2015, MEDIAOBRAZOVANIE, P31",UNESCO
"CRUZ-DIAZ MR, 2015, MEDIAOBRAZOVANIE, P31", MOSCOW OFFICE
"BARSUKOV V, 2015, MEDIAOBRAZOVANIE, P167",UNESCO
"BARSUKOV V, 2015, MEDIAOBRAZOVANIE, P167", MOSCOW OFFICE
"DIAZ MDC, 2015, REDES COM, P86, DOI 10.15213/REDES.N12.P86",INST EUROPEO COMUNICACION & DESARROLLO
"GONZALEZ SC, 2015, REDES COM, P194, DOI 10.15213/REDES.N12.P194",INST EUROPEO COMUNICACION & DESARROLLO
"GORDON CS, 2014, DRUG ALCOHOL REV, V33, P29",WILEY-BLACKWELL
"GORDON CS, 2014, DRUG ALCOHOL REV-a, V33, P29",WILEY-BLACKWELL
"DROTNER K, 2014, LEARN MEDIA TECHNOL, V39, P409, DOI 10.1080/17439884.2014.964255",ROUTLEDGE JOURNALS
"DROTNER K, 2014, LEARN MEDIA TECHNOL, V39, P409, DOI 10.1080/17439884.2014.964255", TAYLOR & FRANCIS LTD
"LIVINGSTONE S, 2014, COMMUNICATIONS-GER, V39, P283, DOI 10.1515/COMMUN-2014-0113",DE GRUYTER MOUTON
"ZHANG H, 2014, ASIA PAC EDUC REV, V15, P459, DOI 10.1007/S12564-014-9321-1",SPRINGER
"WALTHER B, 2014, CYBERPSYCH BEH SOC N, V17, P616, DOI 10.1089/CYBER.2014.0173",MARY ANN LIEBERT
"WALTHER B, 2014, CYBERPSYCH BEH SOC N, V17, P616, DOI 10.1089/CYBER.2014.0173", INC
"GARCIA-RUIZ R, 2014, COMUNICAR, P15, DOI 10.3916/C43-2014-01",GRUPO COMUNICAR
"LENTZ B, 2014, CRIT STUD MEDIA COMM, V31, P134, DOI 10.1080/15295036.2014.921318",ROUTLEDGE JOURNALS
"LENTZ B, 2014, CRIT STUD MEDIA COMM, V31, P134, DOI 10.1080/15295036.2014.921318", TAYLOR & FRANCIS LTD
"FINGAR KR, 2014, INJURY PREV, V20, P183, DOI 10.1136/INJURYPREV-2013-040815",BMJ PUBLISHING GROUP
"TIMMS L, 2014, INT J SPEECH-LANG PA, V16, P327, DOI 10.3109/17549507.2013.872296",INFORMA HEALTHCARE
"MARTINEZ-CERDA JF, 2014, PROF INFORM, V23, P288, DOI 10.3145/EPI.2014.MAY.09",EPI
"LATHAM D, 2014, CHILD LIT EDUC, V45, P33, DOI 10.1007/S10583-013-9200-0",SPRINGER
"PRIMACK BA, 2014, J SCHOOL HEALTH, V84, P106, DOI 10.1111/JOSH.12130",WILEY-BLACKWELL
"PRIETO JD, 2014, HIST COMUN SOC, V19, P451, DOI 10.5209/REV_HICS.2014.V19.45041",UNIV COMPLUTENSE MADRID
"PRIETO JD, 2014, HIST COMUN SOC, V19, P451, DOI 10.5209/REV_HICS.2014.V19.45041", SERVICIO PUBLICACIONES
"YEKATERINA LK, 2014, NOV LIT OBOZR, P403",NOVOE LITERATURNOE OBOZRENIE-NEW LITERARY OBSERVER
"WIAZOWSKI J, 2014, ASSIST TECHNOL, V26, P227, DOI 10.1080/10400435.2014.928389",R E S N A PRESS
"VIDAUSKYTE L, 2014, LOGOS-VILNIUS, P77",LOGOS
"SUR E, 2014, COMUNICAR, P119, DOI 10.3916/C42-2014-11",GRUPO COMUNICAR
"LEE AYL, 2014, COMUNICAR, P137, DOI 10.3916/C42-2014-13",GRUPO COMUNICAR
"ABAD ALCALA L, 2014, COMUNICAR, P173, DOI 10.3916/C42-2014-17",GRUPO COMUNICAR
"JANNETH SANTOS MARTINEZ C, 2013, HIST COMUN SOC, V18, P781, DOI 10.5209/REV_HICS.2013.V18.44365",UNIV COMPLUTENSE MADRID
"JANNETH SANTOS MARTINEZ C, 2013, HIST COMUN SOC, V18, P781, DOI 10.5209/REV_HICS.2013.V18.44365", SERVICIO PUBLICACIONES
"CAKMAK E, 2013, ANTHROPOLOGIST, V16, P531",KAMLA-RAJ ENTERPRISES
"MIHAILIDIS P, 2013, AM BEHAV SCI, V57, P1611, DOI 10.1177/0002764213489015",SAGE PUBLICATIONS INC
"NEYS J, 2013, NEW MEDIA SOC, V15, P1199, DOI 10.1177/1461444813496212B",SAGE PUBLICATIONS LTD
"KAESTLE C, 2013, DRUG ALCOHOL REV, V32, P44",WILEY-BLACKWELL
"WALLIS R, 2013, EUR J COMMUN, V28, P527, DOI 10.1177/0267323113483605",SAGE PUBLICATIONS LTD
"LIN TB, 2013, EDUC TECHNOL SOC, V16, P160",IEEE COMPUTER SOC
"LIN TB, 2013, EDUC TECHNOL SOC, V16, P160", LEARNING  TECHNOLOGY TASK FORCE
"VRABEC N, 2013, EUR J SCI THEOL, V9, P211",ACAD ORGANISATION ENVIRONMENTAL ENGINEERING & SUSTAINABLE DEV
"CLARK LS, 2013, JOURNALISM, V14, P885, DOI 10.1177/1464884913478361",SAGE PUBLICATIONS INC
"ANTON CUADRADO R, 2013, HIST COMUN SOC, V18, P231, DOI 10.5209/REV_HICS.2013.V18.43963",UNIV COMPLUTENSE MADRID
"ANTON CUADRADO R, 2013, HIST COMUN SOC, V18, P231, DOI 10.5209/REV_HICS.2013.V18.43963", SERVICIO PUBLICACIONES
"GOLOS DB, 2013, AM ANN DEAF, V158, P411, DOI 10.1353/AAD.2013.0039",GALLAUDET UNIV PRESS
"TUZEL S, 2013, KURAM UYGUL EGIT BIL, V13, P2310",EDAM
"RUTTEN K, 2013, CLCWEB-COMP LIT CULT, V15, DOI 10.7771/1481-4374.2238",PURDUE UNIV PRESS
"CASEY G, 2013, J ADOLESC ADULT LIT, V57, P60, DOI 10.1002/JAAL.216",WILEY-BLACKWELL
"KAESTLE CE, 2013, AM J HEALTH PROMOT, V27, P366, DOI 10.4278/AJHP.120221-ARB-105",AMER JOURNAL HEALTH PROMOTION INC
"BAZALGETTE C, 2013, LITERACY, V47, P95, DOI 10.1111/J.1741-4369.2012.00666.X",WILEY-BLACKWELL
"MCLEAN SA, 2013, BODY IMAGE, V10, P282, DOI 10.1016/J.BODYIM.2013.01.009",ELSEVIER SCIENCE BV
"ERSTAD O, 2013, JAVNOST-PUBLIC, V20, P83, DOI 10.1080/13183222.2013.11009115",EUROPEAN INST COMMUNICATION CULTURE
"CHEN YC, 2013, J HEALTH COMMUN, V18, P723, DOI 10.1080/10810730.2012.757387",TAYLOR & FRANCIS INC
"LIM SS, 2013, LEARN MEDIA TECHNOL, V38, P145, DOI 10.1080/17439884.2013.756515",ROUTLEDGE JOURNALS
"LIM SS, 2013, LEARN MEDIA TECHNOL, V38, P145, DOI 10.1080/17439884.2013.756515", TAYLOR & FRANCIS LTD
"HOBBS R, 2013, LEARN MEDIA TECHNOL, V38, P182, DOI 10.1080/17439884.2013.756517",ROUTLEDGE JOURNALS
"HOBBS R, 2013, LEARN MEDIA TECHNOL, V38, P182, DOI 10.1080/17439884.2013.756517", TAYLOR & FRANCIS LTD
"PARKER JK, 2013, J ADOLESC ADULT LIT, V56, P668, DOI 10.1002/JAAL.194",WILEY-BLACKWELL
"YOUNG C, 2013, READ TEACH, V66, P670, DOI 10.1002/TRTR.1175",WILEY-BLACKWELL
"ALVAREZ C, 2013, COMPUT EDUC, V63, P368, DOI 10.1016/J.COMPEDU.2012.12.019",PERGAMON-ELSEVIER SCIENCE LTD
"DEL-MORAL-PEREZ ME, 2013, COMUNICAR, P173, DOI 10.3916/C40-2013-03-08",GRUPO COMUNICAR
"MERCHANT G, 2013, LANG EDUC-UK, V27, P144, DOI 10.1080/09500782.2012.760586",ROUTLEDGE JOURNALS
"MERCHANT G, 2013, LANG EDUC-UK, V27, P144, DOI 10.1080/09500782.2012.760586", TAYLOR & FRANCIS LTD
"MACNAMARA J, 2013, CONTINUUM-J MEDIA CU, V27, P160, DOI 10.1080/10304312.2013.736950",ROUTLEDGE JOURNALS
"MACNAMARA J, 2013, CONTINUUM-J MEDIA CU, V27, P160, DOI 10.1080/10304312.2013.736950", TAYLOR & FRANCIS LTD
"THORNE-WALLINGTON E, 2013, INFORM TECHNOL LIBR, V32, P53, DOI 10.6017/ITAL.V32I4.2309",AMER LIBRARY ASSOC
"ROBERTS-SMITH J, 2013, CAN THEATRE REV, V156, P40, DOI 10.3138/CTR.156.008",UNIV TORONTO PRESS INC
"KOPPE H, 2013, PRAX KINDERPSYCHOL K, V62, P534",VANDENHOECK & RUPRECHT
"LEE J, 2013, RECALL, V25, P159, DOI 10.1017/S0958344012000298",CAMBRIDGE UNIV PRESS
"CORDERO E, 2012, B AM METEOROL SOC, V93, P1813, DOI 10.1175/BAMS-93-12-1813",AMER METEOROLOGICAL SOC
"LAM WSE, 2012, PHI DELTA KAPPAN, V94, P62, DOI 10.1177/003172171209400416",PHI DELTA KAPPA
"MORRELL E, 2012, READ TEACH, V66, P300, DOI 10.1002/TRTR.01125",WILEY-BLACKWELL
"WILSON C, 2012, COMUNICAR, P15, DOI 10.3916/C39-2012-02-01",GRUPO COMUNICAR
"SALEH I, 2012, COMUNICAR, P35, DOI 10.3916/C39-2012-02-03",GRUPO COMUNICAR
"MOELLER S, 2012, COMUNICAR, P45, DOI 10.3916/C39-2012-02-04",GRUPO COMUNICAR
"CULVER SH, 2012, COMUNICAR, P73, DOI 10.3916/C39-2012-02-07",GRUPO COMUNICAR
"REIA-BAPTISTA V, 2012, COMUNICAR, P81, DOI 10.3916/C39-2012-02-08",GRUPO COMUNICAR
"PEREIRA S, 2012, COMUNICAR, P91, DOI 10.3916/C39-2012-02-09",GRUPO COMUNICAR
"MORA J, 2012, COMUNICAR, P139, DOI 10.3916/C39-2012-03-04",GRUPO COMUNICAR
"VRAGA EK, 2012, JOURNALISM, V13, P942, DOI 10.1177/1464884912455906",SAGE PUBLICATIONS INC
"SZABO K, 2012, INT J BEHAV MED, V19, PS151",SPRINGER
"BRICKMAN P, 2012, AM BIOL TEACH, V74, P374, DOI 10.1525/ABT.2012.74.6.4",NATL ASSOC BIOLOGY TEACHERS INC
"RUNDGREN CJ, 2012, PUBLIC UNDERST SCI, V21, P759, DOI 10.1177/0963662510377562",SAGE PUBLICATIONS LTD
"JEONG SH, 2012, J COMMUN, V62, DOI 10.1111/J.1460-2466.2012.01643.X",WILEY
"SALGADO MV, 2012, NICOTINE TOB RES, V14, P516, DOI 10.1093/NTR/NTR240",OXFORD UNIV PRESS
"KESTEN A, 2012, ENER EDUC SCI TECH-B, V4, P1131",SILA SCIENCE
"GREENE K, 2012, ANN BEHAV MED, V43, PS57",SPRINGER
"MARTIN AG, 2012, COMUNICAR, P10, DOI 10.3916/C38-2012-02-00",GRUPO COMUNICAR
"SOEP E, 2012, COMUNICAR, P93, DOI 10.3916/C38-2012-02-10",GRUPO COMUNICAR
"DEL VALLE C, 2012, COMUNICAR, P183, DOI 10.3916/C38-2012-03-10",GRUPO COMUNICAR
"GOMEZ JIA, 2012, COMUNICAR, P7, DOI 10.3916/C38-2012-01-01",GRUPO COMUNICAR
"KENDALL A, 2012, COMUNICAR, P21, DOI 10.3916/C38-2012-02-02",GRUPO COMUNICAR
"MARTIN AG, 2012, COMUNICAR-a, P31, DOI 10.3916/C38-2012-02-03",GRUPO COMUNICAR
"PENUEL WR, 2012, EARLY CHILD RES Q, V27, P115, DOI 10.1016/J.ECRESQ.2011.07.002",ELSEVIER SCIENCE INC
"PARK S, 2012, MEDIA INT AUST, P87, DOI 10.1177/1329878X1214200111",UNIV QUEENSLAND PRESS
"AUSTIN EW, 2012, J AM COLL HEALTH, V60, P548, DOI 10.1080/07448481.2012.726302",ROUTLEDGE JOURNALS
"AUSTIN EW, 2012, J AM COLL HEALTH, V60, P548, DOI 10.1080/07448481.2012.726302", TAYLOR & FRANCIS LTD
"BONNSTETTER BE, 2012, J POP FILM TV, V40, P94, DOI 10.1080/01956051.2011.636395",ROUTLEDGE JOURNALS
"BONNSTETTER BE, 2012, J POP FILM TV, V40, P94, DOI 10.1080/01956051.2011.636395", TAYLOR & FRANCIS LTD
"PINKLETON BE, 2012, J HEALTH COMMUN, V17, P460, DOI 10.1080/10810730.2011.635770",TAYLOR & FRANCIS INC
"MUNK C, 2012, Z ENTWICKL PADAGOGIS, V44, P81, DOI 10.1026/0049-8637/A000063",HOGREFE & HUBER PUBLISHERS
"WATERHOUSE M, 2012, DISCOURSE-ABINGDON, V33, P129, DOI 10.1080/01596306.2012.632173",ROUTLEDGE JOURNALS
"WATERHOUSE M, 2012, DISCOURSE-ABINGDON, V33, P129, DOI 10.1080/01596306.2012.632173", TAYLOR & FRANCIS LTD
"GEIMER A, 2012, Z SOZIOL ERZIEH SOZI, V32, P4",JUVENTA VERLAG GMBH
"KAHNE J, 2012, INT J COMMUN-US, V6, P1",USC ANNENBERG PRESS
"PAGE RM, 2011, HEALTH EDUC J, V70, P446, DOI 10.1177/0017896910379692",SAGE PUBLICATIONS LTD
"JURKOWSKI ET, 2011, GERONTOLOGIST, V51, P79",OXFORD UNIV PRESS INC
"CHANG CS, 2011, ASIA-PAC EDUC RES, V20, P604",DE LA SALLE UNIV-MANILA
"STEWART B, 2011, BRIT J EDUC TECHNOL, V42, PE167, DOI 10.1111/J.1467-8535.2011.01247.X",WILEY-BLACKWELL
"DOMINE V, 2011, LIBR TRENDS, V60, P440, DOI 10.1353/LIB.2011.0038",JOHNS HOPKINS UNIV PRESS
"HUIJSER H, 2011, MEDIA INT AUST, P181",UNIV QUEENSLAND PRESS
"WINDLE J, 2011, AUST EDUC RES, V38, P311, DOI 10.1007/S13384-011-0030-Z",SPRINGER
"BURNETT C, 2011, ENGL TEACH-PRACT CRI, V10, P41",UNIV WAIKATO
"FISHER H, 2011, AUST LIBR J, V60, P176, DOI 10.1080/00049670.2011.10722599",AUSTRALIAN LIBRARY & INFORMATION ASSOC LTD
"TURNER KCN, 2011, J ADOLESC ADULT LIT, V54, P613, DOI 10.1598/JAAL.54.8.6",INT READING ASSOC
"HALLIWELL E, 2011, BRIT J HEALTH PSYCH, V16, P396, DOI 10.1348/135910710X515714",WILEY
"PEREZ-STABLE EJ, 2011, J GEN INTERN MED, V26, PS246",SPRINGER
"YAMADA-RICE D, 2011, LITERACY, V45, P32, DOI 10.1111/J.1741-4369.2011.00578.X",WILEY-BLACKWELL
"CHANG CS, 2011, TURK ONLINE J EDUC T, V10, P63",TURKISH ONLINE JOURNAL EDUCATIONAL TECH-TOJET
"LEVIN-ZAMIR D, 2011, HEALTH EDUC RES, V26, P323, DOI 10.1093/HER/CYR007",OXFORD UNIV PRESS
"DE LA PISCINA TR, 2011, COMUNICAR, P157, DOI 10.3916/C36-2011-03-07",GRUPO COMUNICAR
"KOLTAY T, 2011, MEDIA CULT SOC, V33, P211, DOI 10.1177/0163443710393382",SAGE PUBLICATIONS LTD
"COOPER CB, 2011, BIOSCIENCE, V61, P231, DOI 10.1525/BIO.2011.61.3.8",OXFORD UNIV PRESS
"HAUSER SL, 2011, ANN NEUROL, V69, PA9, DOI 10.1002/ANA.22410",WILEY
"PAEK HJ, 2011, HEALTH EDUC RES, V26, P131, DOI 10.1093/HER/CYQ082",OXFORD UNIV PRESS
"AMORY A, 2011, EDUC CHANGE, V15, PS111, DOI 10.1080/16823206.2011.643634",TAYLOR & FRANCIS LTD
"BOYD MJ, 2011, ADV CHILD DEV BEHAV, V41, P251",ELSEVIER ACADEMIC PRESS INC
"CINCOTTA-SEGI A, 2011, COMPARE, V41, P195, DOI 10.1080/03057925.2011.547285",ROUTLEDGE JOURNALS
"CINCOTTA-SEGI A, 2011, COMPARE, V41, P195, DOI 10.1080/03057925.2011.547285", TAYLOR & FRANCIS LTD
"CABERO-ALMENARA J, 2011, EDUC XX1, V14, P89",UNIV NACIONAL EDUCACION DISTANCIA
"HOBBS R, 2011, J BROADCAST ELECTRON, V55, P419, DOI 10.1080/08838151.2011.597594",ROUTLEDGE JOURNALS
"HOBBS R, 2011, J BROADCAST ELECTRON, V55, P419, DOI 10.1080/08838151.2011.597594", TAYLOR & FRANCIS LTD
"HOBBS R, 2011, J BROADCAST ELECTRON-a, V55, P601, DOI 10.1080/08838151.2011.619399",ROUTLEDGE JOURNALS
"HOBBS R, 2011, J BROADCAST ELECTRON-a, V55, P601, DOI 10.1080/08838151.2011.619399", TAYLOR & FRANCIS LTD
"PAGE RM, 2011, J SCHOOL HEALTH, V81, P34, DOI 10.1111/J.1746-1561.2010.00555.X",WILEY-BLACKWELL PUBLISHING
"PAGE RM, 2011, J SCHOOL HEALTH, V81, P34, DOI 10.1111/J.1746-1561.2010.00555.X", INC
"GUSTAVSON A, 2011, LIBR HI TECH, V29, P725, DOI 10.1108/07378831111189796",EMERALD GROUP PUBLISHING LTD
"EDYTA C, 2011, PSYCHOL HEALTH, V26, P105",TAYLOR & FRANCIS LTD
"NAM S, 2010, JAVNOST-PUBLIC, V17, P5, DOI 10.1080/13183222.2010.11009038",EUROPEAN INST COMMUNICATION CULTURE
"PIKO BF, 2010, EUR J PUBLIC HEALTH, V20, P246",OXFORD UNIV PRESS
"GUNDERS J, 2010, MEDIA INT AUST, P158",UNIV QUEENSLAND PRESS
"AGUADED-GOMEZ JI, 2010, COMUNICAR, P7, DOI 10.3916/C35-2010-01-01",GRUPO COMUNICAR
"ZAGALO N, 2010, COMUNICAR, P61, DOI 10.3916/C35-2010-02-06",GRUPO COMUNICAR
"AKAR-VURAL R, 2010, URBAN EDUC, V45, P740, DOI 10.1177/0042085910377289",CORWIN PRESS INC A SAGE PUBLICATIONS CO
"AUSTEN RA, 2010, ISLAM AFR-US, V1, P217, DOI 10.5192/215409910794105869",NORTHWESTERN UNIV PRESS
"MERSKIN D, 2010, J MASS COMMUN Q, V87, P668",ASSOC EDUC JOURNALISM MASS COMMUNICATION
"KUPERSMIDT JB, 2010, PEDIATRICS, V126, P525, DOI 10.1542/PEDS.2010-0068",AMER ACAD PEDIATRICS
"TSENG YH, 2010, COMPUT EDUC, V55, P165, DOI 10.1016/J.COMPEDU.2010.01.002",PERGAMON-ELSEVIER SCIENCE LTD
"TEURLINGS J, 2010, EUR J CULT STUD, V13, P359, DOI 10.1177/1367549410363202",SAGE PUBLICATIONS LTD
"ANDERSON DR, 2010, DEV REV, V30, P239, DOI 10.1016/J.DR.2010.03.004",ACADEMIC PRESS INC ELSEVIER SCIENCE
"VAN DE VORD R, 2010, INTERNET HIGH EDUC, V13, P170, DOI 10.1016/J.IHEDUC.2010.03.001",ELSEVIER SCIENCE INC
"ELMA C, 2010, KURAM UYGULAMA EGI, V10, P1439",EDAM
"TYNER K, 2010, ENGL TEACH-PRACT CRI, V9, P1",UNIV WAIKATO
"PARTINGTON A, 2010, ENGL TEACH-PRACT CRI, V9, P73",UNIV WAIKATO
"ANDERSEN N, 2010, ENGL TEACH-PRACT CRI, V9, P103",UNIV WAIKATO
"AGUADED-GOMEZ JI, 2010, COMUNICAR-a, P7, DOI 10.3916/C34-2010-01-01",GRUPO COMUNICAR
"GAINER JS, 2010, J ADOLESC ADULT LIT, V53, P364, DOI 10.1598/JAAL.53.5.2",INT READING ASSOC
"POTTER WJ, 2010, J BROADCAST ELECTRON, V54, P675, DOI 10.1080/08838151.2011.521462",ROUTLEDGE JOURNALS
"POTTER WJ, 2010, J BROADCAST ELECTRON, V54, P675, DOI 10.1080/08838151.2011.521462", TAYLOR & FRANCIS LTD
"TANRIVERDI B, 2010, KURAM UYGULAMA EGI, V10, P1187",EDAM
"WALKER TL, 2010, LEARN MEDIA TECHNOL, V35, P1, DOI 10.1080/17439880903574366",ROUTLEDGE JOURNALS
"WALKER TL, 2010, LEARN MEDIA TECHNOL, V35, P1, DOI 10.1080/17439880903574366", TAYLOR & FRANCIS LTD
"KEARY M, 2010, ONLINE INFORM REV, V34, P816, DOI 10.1108/14684521011084654",EMERALD GROUP PUBLISHING LIMITED
"HARRETT J, 2009, LITERACY, V43, P134, DOI 10.1111/J.1741-4369.2009.00510.X",WILEY-BLACKWELL
"FOGG V, 2009, BRIT J EDUC STUD, V57, P328, DOI 10.1111/J.1467-8527.2009.437_1.X",WILEY-BLACKWELL PUBLISHING
"FOGG V, 2009, BRIT J EDUC STUD, V57, P328, DOI 10.1111/J.1467-8527.2009.437_1.X", INC
"BADKE W, 2009, ONLINE, V33, P47",ONLINE INC
"PRIMACK BA, 2009, HEALTH EDUC RES, V24, P608, DOI 10.1093/HER/CYN062",OXFORD UNIV PRESS
"PLESTER B, 2009, J COMPUT-MEDIAT COMM, V14, P1108, DOI 10.1111/J.1083-6101.2009.01483.X",WILEY-BLACKWELL
"WILKSCH SM, 2009, J AM ACAD CHILD PSY, V48, P652, DOI 10.1097/CHI.0B013E3181A1F559",ELSEVIER SCIENCE INC
"GAINER JS, 2009, READ TEACH, V62, P674, DOI 10.1598/RT.62.8.5",INT READING ASSOC
"SKAAR H, 2009, LITERACY, V43, P36, DOI 10.1111/J.1741-4369.2009.00502.X",WILEY-BLACKWELL
"PRIMACK BA, 2009, AM J HEALTH BEHAV, V33, P192",PNG PUBLICATIONS
"GOMEZ JIA, 2009, COMUNICAR, P7, DOI 10.3916/C32-2009-00-001",GRUPO COMUNICAR
"MOELLER S, 2009, COMUNICAR, P65, DOI 10.3916/C32-2009-02-005",GRUPO COMUNICAR
"CHEUNG CK, 2009, COMUNICAR, P73, DOI 10.3916/C32-2009-02-006",GRUPO COMUNICAR
"SALEH I, 2009, COMUNICAR, P119, DOI 10.3916/C32-2009-02-010",GRUPO COMUNICAR
"SALOMON E, 2009, COMUNICAR, P147, DOI 10.3916/C32-2009-02-013",GRUPO COMUNICAR
"DAVID JL, 2009, EDUC LEADERSHIP, V66, P84",ASSOC SUPERVISION CURRICULUM DEVELOPMENT
"CONSIDINE D, 2009, J ADOLESC ADULT LIT, V52, P471, DOI 10.1598/JAAL.52.6.2",INT READING ASSOC
"ROCK M, 2009, HEALTH EDUC RES, V24, P153, DOI 10.1093/HER/CYN008",OXFORD UNIV PRESS
"ERJAVEC K, 2009, DIDACT SLOV-PEDAGOS, V24, P36",DRUSTVO PEDAGOSKIH DELAVCEV DOLENJSKE
"SNYDER I, 2009, ENGL AUST, V44, P13",AATE-AUSTRALIAN ASSOC TEACHING ENGLISH
"ELMA C, 2009, HACET UNIT EGIT FAK, P87",HACETTEPE UNIV
"SOURBATI M, 2009, INFORM SOC, V25, P248, DOI 10.1080/01972240903028680",TAYLOR & FRANCIS INC
"TYMA AW, 2009, INT J COMMUN-US, V3, P891",USC ANNENBERG PRESS
"BUCKINGHAM D, 2009, INT J CULT POLICY, V15, P217, DOI 10.1080/10286630802651602",ROUTLEDGE JOURNALS
"BUCKINGHAM D, 2009, INT J CULT POLICY, V15, P217, DOI 10.1080/10286630802651602", TAYLOR & FRANCIS LTD
"CHEN HL, 2009, J ACAD LIBR, V35, P14, DOI 10.1016/J.ACALIB.2008.10.021",ELSEVIER SCIENCE INC
"PRIMACK BA, 2009, J HEALTH COMMUN, V14, P541, DOI 10.1080/10810730903089598",TAYLOR & FRANCIS INC
"ARCHAKIS A, 2009, J LANG POLIT, V8, P359, DOI 10.1075/JLP.8.3.02ARC",JOHN BENJAMINS PUBLISHING COMPANY
"ZILLMANN D, 2009, MEDIA PSYCHOL, V12, P394, DOI 10.1080/15213260903287275",LAWRENCE ERLBAUM ASSOC INC-TAYLOR & FRANCIS
"BARONE D, 2008, READ TEACH, V62, P292, DOI 10.1598/RT.62.4.2",INT READING ASSOC
"JENSEN AP, 2008, J ADOLESC ADULT LIT, V52, P261, DOI 10.1598/JAAL.52.3.10",INT READING ASSOC
"TORNERO JMP, 2008, COMUNICAR, P15, DOI 10.3916/C31-2008-01-002",GRUPO COMUNICAR
"ABELLAN G, 2008, COMUNICAR, P129, DOI 10.3916/C31-2008-01-016",GRUPO COMUNICAR
"PINKLETON BE, 2008, HEALTH COMMUN, V23, P462, DOI 10.1080/10410230802342135",LAWRENCE ERLBAUM ASSOC INC-TAYLOR & FRANCIS
"COMER JS, 2008, J CONSULT CLIN PSYCH, V76, P568, DOI 10.1037/0022-006X.76.4.568",AMER PSYCHOLOGICAL ASSOC
"WILKSCH SM, 2008, J AM ACAD CHILD PSY, V47, P939, DOI 10.1097/CHI.0B013E3181799F4A",LIPPINCOTT WILLIAMS & WILKINS
"LUMBY C, 2008, MEDIA INT AUST, P80",UNIV QUEENSLAND PRESS
"RENNIE E, 2008, MEDIA INT AUST, P95, DOI 10.1177/1329878X0812800112",UNIV QUEENSLAND PRESS
"PARK SH, 2008, BRIT J EDUC TECHNOL, V39, P732, DOI 10.1111/J.1467-8535.2008.00824.X",BLACKWELL PUBLISHING
"BERGSMA LJ, 2008, HEALTH EDUC RES, V23, P522, DOI 10.1093/HER/CYM084",OXFORD UNIV PRESS
"WAN GF, 2008, THEOR PRACT, V47, P178, DOI 10.1080/00405840802153783",OHIO STATE UNIV
"WAN GF, 2008, THEOR PRACT, V47, P178, DOI 10.1080/00405840802153783", COLLEGE EDUCATION
"ARGYROPOULOS VS, 2008, J VISUAL IMPAIR BLIN, V102, P221",AMER FOUNDATION BLIND
"TYNER K, 2008, COMUNICAR, P79, DOI 10.3916/C30-2008-01-012",GRUPO COMUNICAR
"REIA-BAPTISTA V, 2008, COMUNICAR, P427, DOI 10.3916/C31-2008-03-030",GRUPO COMUNICAR
"GOMEZ JIA, 2008, ESTUD SOBRE MENSAJ P, V14, P293",UNIV COMPLUTENSE MADRID
"GOMEZ JIA, 2008, ESTUD SOBRE MENSAJ P, V14, P293", SERVICIO PUBLICACIONES
"ANIKO B, 2008, INF TARSAD, V8, P110",INFONIA
"TIPPETT CD, 2008, INT J SCI EDUC, V30, P1265, DOI 10.1080/09500690801908348",ROUTLEDGE JOURNALS
"TIPPETT CD, 2008, INT J SCI EDUC, V30, P1265, DOI 10.1080/09500690801908348", TAYLOR & FRANCIS LTD
"GAINES E, 2008, SEMIOTICA, V171, P239, DOI 10.1515/SEMI.2008.076",WALTER DE GRUYTER & CO
"ERICKSON K, 2008, VISUAL STUD, V23, P98",TAYLOR & FRANCIS LTD
"GRIFFIN M, 2008, VISUAL STUD, V23, P113, DOI 10.1080/14725860802276255",TAYLOR & FRANCIS LTD
"AHN S, 2007, STUD SECOND LANG ACQ, V29, P617, DOI 10.1017/S0272263107070453",CAMBRIDGE UNIV PRESS
"AUSTIN EW, 2007, COMMUN RES, V34, P483, DOI 10.1177/0093650297305233",SAGE PUBLICATIONS INC
"COOPERMAN L, 2007, REF USER SERV Q, V47, P94",AMER LIBRARY ASSOC
"EAGLE L, 2007, J ADVERTISING, V36, P101, DOI 10.2753/JOA0091-3367360207",M E SHARPE INC
"FLEMING JJ, 2007, J MASS COMMUN Q, V84, P402",ASSOC EDUC JOURNALISM MASS COMMUNICATION
"CHOMA BL, 2007, SEX ROLES, V56, P581, DOI 10.1007/S11199-007-9200-X",SPRINGER/PLENUM PUBLISHERS
"HAYES M, 2007, SOC SCI MED, V64, P1842, DOI 10.1016/J.SOCSCIMED.2007.01.015",PERGAMON-ELSEVIER SCIENCE LTD
"REIA-BAPTISTA V, 2007, COMUNICAR, P25",GRUPO COMUNICAR
"DAVOU B, 2007, COMUNICAR, P75",GRUPO COMUNICAR
"CHUNG SK, 2007, INT J ART DES EDUC, V26, P98, DOI 10.1111/J.1476-8070.2007.00514.X",BLACKWELL PUBLISHING
"[ANONYMOUS], 2007, ENGL AUST, V42, P85",AATE-AUSTRALIAN ASSOC TEACHING ENGLISH
"BANERJEE SC, 2007, HEALTH COMMUN, V22, P37, DOI 10.1080/10410230701310281",LAWRENCE ERLBAUM ASSOC INC-TAYLOR & FRANCIS
"PINKLETON BE, 2007, HEALTH COMMUN, V21, P23, DOI 10.1080/10410230701283306",LAWRENCE ERLBAUM ASSOC INC-TAYLOR & FRANCIS
"WINSKEL H, 2006, BRIT J EDUC PSYCHOL, V76, P727, DOI 10.1348/000709905X68312",BRITISH PSYCHOLOGICAL SOC
"YUS F, 2006, LANGUAGE, V82, P953, DOI 10.1353/LAN.2006.0242",LINGUISTIC SOC AMER
"SELWYN N, 2006, BRIT J EDUC TECHNOL, V37, P985, DOI 10.1111/J.1467-8535.2006.00660_14.X",BLACKWELL PUBLISHING
"ISLAM RL, 2006, COLL RES LIBR, V67, P492",ASSOC COLL RESEARCH LIBRARIES
"BROWN JD, 2006, J ADOLESCENT HEALTH, V39, P459, DOI 10.1016/J.JADOHEALTH.2006.07.014",ELSEVIER SCIENCE INC
"PRIMACK BA, 2006, J ADOLESCENT HEALTH, V39, P465, DOI 10.1016/J.JADOHEALTH.2006.05.011",ELSEVIER SCIENCE INC
"NEWKIRK T, 2006, EDUC LEADERSHIP, V64, P62",ASSOC SUPERVISION CURRICULUM DEVELOPMENT
"TRIER J, 2006, J ADOLESC ADULT LIT, V50, P68, DOI 10.1598/JAAL.50.1.7",INT READING ASSOC
"BROSSARD D, 2006, SCI COMMUN, V28, P47, DOI 10.1177/1075547006291345",SAGE PUBLICATIONS INC
"WILKSCH SM, 2006, INT J EAT DISORDER, V39, P385, DOI 10.1002/EAR.20237",JOHN WILEY & SONS INC
"BRESCIA W, 2006, BRIT J EDUC TECHNOL, V37, P496, DOI 10.1111/J.1467-8535.2006.00607_6.X",BLACKWELL PUBLISHING
"VARGAS L, 2006, HISPANIC J BEHAV SCI, V28, P267, DOI 10.1177/0739986305285823",SAGE PUBLICATIONS INC
"WEASENFORTH D, 2006, LANG LEARN TECHNOL, V10, P25",UNIV HAWAII
"WEASENFORTH D, 2006, LANG LEARN TECHNOL, V10, P25", NATL FOREIGN LANGUAGE RESOURCE CENTER
"GRUBA P, 2006, LANG LEARN TECHNOL, V10, P77",UNIV HAWAII
"GRUBA P, 2006, LANG LEARN TECHNOL, V10, P77", NATL FOREIGN LANGUAGE RESOURCE CENTER
"ADAIR SM, 2006, PEDIATR DENT, V28, P223",AMER ACAD PEDIATRIC DENTISTRY
"BRUCE D, 2006, TEACH COLL REC, V108, P939",BLACKWELL PUBLISHING
"PRIMACK BA, 2006, ARCH PEDIAT ADOL MED, V160, P369, DOI 10.1001/ARCHPEDI.160.4.369",AMER MEDICAL ASSOC
"AONO Y, 2006, GENES GENET SYST, V81, P153",GENETICS SOC JAPAN
"TRIER J, 2006, J ADOLESC ADULT LIT-a, V49, P622, DOI 10.1598/JAAL.48.7.7",INT READING ASSOC
"AUSTIN EW, 2006, PEDIATRICS, V117, PE423, DOI 10.1542/PEDS.2005-0953",AMER ACAD PEDIATRICS
"PRIMACK BA, 2006, J ADOLESCENT HEALTH-a, V38, P93, DOI 10.1016/J.JADOHEALTH.2005.11.009",ELSEVIER SCIENCE INC
"SEW JW, 2006, DISCOURSE SOC, V17, P137, DOI 10.1177/0957926506058108",SAGE PUBLICATIONS LTD
"ZHANG L, 2006, ELECTRON LIBR, V24, P294, DOI 10.1108/02640470610671169",EMERALD GROUP PUBLISHING LIMITED
"EVANS AE, 2006, FAM COMMUNITY HEALTH, V29, P43, DOI 10.1097/00003727-200601000-00006",LIPPINCOTT WILLIAMS & WILKINS
"AUSTIN EW, 2006, INT J ADVERT, V25, P541",WORLD ADVERTISING RESEARCH CENTER
"LILLIS T, 2006, WRIT COMMUN, V23, P3, DOI 10.1177/0741088305283754",SAGE PUBLICATIONS INC
"BEAN TW, 2005, J ADOLESC ADULT LIT, V49, P361, DOI 10.1598/JAAL.49.4.8",INT READING ASSOC
"HOBBS R, 2005, J COMMUN, V55, P865",OXFORD UNIV PRESS INC
"VILA HJ, 2005, TEACH COLL REC, V107, P2537, DOI 10.1111/J.1467-9620.2005.00626.X",BLACKWELL PUBLISHING
"GRAY J, 2005, CRIT STUD MEDIA COMM, V22, P223, DOI 10.1080/07393180500201652",ROUTLEDGE JOURNALS
"GRAY J, 2005, CRIT STUD MEDIA COMM, V22, P223, DOI 10.1080/07393180500201652", TAYLOR & FRANCIS LTD
"VILLANI VS, 2005, CHILD ADOL PSYCH CL, V14, P523, DOI 10.1016/J.CHC.2005.03.001",W B SAUNDERS CO
"FOSTER AE, 2005, J LIBR INF SCI, V37, P108, DOI 10.1177/096100060503700212",SAGE PUBLICATIONS LTD
"KEENAN KL, 2005, JOURNALISM MASS COMM, V82, P462",ASSN EDUC JOURNALISM MASS COMMUNICATION
"NORTON-MEIER LA, 2005, J ADOLESC ADULT LIT, V48, P608, DOI 10.1598/JAAL.48.7.6",INT READING ASSOC
"WADSWORTH LA, 2005, CAN J DIET PRACT RES, V66, P30, DOI 10.3148/66.1.2005.30",DIETITIANS CANADA
"WATKINS J, 2005, LECT NOTES COMPUT SC, V3815, P390",SPRINGER-VERLAG BERLIN
"AUSTIN EW, 2005, HEALTH COMMUN, V18, P75, DOI 10.1207/S15327027HC1801_4",LAWRENCE ERLBAUM ASSOC INC
"BROZO WG, 2004, J LIT RES, V36, P533, DOI 10.1207/S15548430JLR3604_5",NATL READING CONFERENCE INC
"GALICIAN ML, 2004, AM BEHAV SCI, V48, P143, DOI 10.1177/0002764204268867",SAGE PUBLICATIONS INC
"BERGSMA LJ, 2004, AM BEHAV SCI, V48, P152, DOI 10.1177/0002764204267259",SAGE PUBLICATIONS INC
"RICH M, 2004, AM BEHAV SCI, V48, P165, DOI 10.1177/0002764204267261",SAGE PUBLICATIONS INC
"GONZALES R, 2004, AM BEHAV SCI, V48, P189, DOI 10.1177/0002764204267263",SAGE PUBLICATIONS INC
"DENNIS EE, 2004, AM BEHAV SCI, V48, P202, DOI 10.1177/0002764204267264",SAGE PUBLICATIONS INC
"BERG LRV, 2004, AM BEHAV SCI, V48, P219, DOI 10.1177/0002764204267266",SAGE PUBLICATIONS INC
"NATHARIUS D, 2004, AM BEHAV SCI, V48, P238, DOI 10.1177/0002764204267269",SAGE PUBLICATIONS INC
"OLSON SR, 2004, AM BEHAV SCI, V48, P248, DOI 10.1177/0002764204267272",SAGE PUBLICATIONS INC
"POTTER WJ, 2004, AM BEHAV SCI, V48, P266, DOI 10.1177/0002764204267274",SAGE PUBLICATIONS INC
"GALICIAN ML, 2004, AM BEHAV SCI-a, V48, P7, DOI 10.1177//0002764204268774",SAGE PUBLICATIONS INC
"THOMAN E, 2004, AM BEHAV SCI, V48, P18, DOI 10.1177/0002764204267246",SAGE PUBLICATIONS INC
"ROGOW F, 2004, AM BEHAV SCI, V48, P30, DOI 10.1177/0002764204267248",SAGE PUBLICATIONS INC
"HOBBS R, 2004, AM BEHAV SCI, V48, P42, DOI 10.1177/0002764204267250",SAGE PUBLICATIONS INC
"SCHEIBE CL, 2004, AM BEHAV SCI, V48, P60, DOI 10.1177/0002764204267251",SAGE PUBLICATIONS INC
"KUBEY R, 2004, AM BEHAV SCI, V48, P69, DOI 10.1177/0002764204267252",SAGE PUBLICATIONS INC
"ALVERMANN DE, 2004, AM BEHAV SCI, V48, P78, DOI 10.1177/0002764204267271",SAGE PUBLICATIONS INC
"HUNDLEY HL, 2004, AM BEHAV SCI, V48, P84, DOI 10.1177/0002764204267253",SAGE PUBLICATIONS INC
"CHRIST WG, 2004, AM BEHAV SCI, V48, P92, DOI 10.1177/0002764204267254",SAGE PUBLICATIONS INC
"CONSIDINE DM, 2004, AM BEHAV SCI, V48, P97, DOI 10.1177/0002764204267255",SAGE PUBLICATIONS INC
"MERSKIN D, 2004, AM BEHAV SCI, V48, P119, DOI 10.1177/0002764204267257",SAGE PUBLICATIONS INC
"HARRIS A, 2004, BRIT J EDUC STUD, V52, P206",BLACKWELL PUBL LTD
"SWIENCICKI J, 2004, COLL COMPOS COMMUN, V55, P762, DOI 10.2307/4140670",NATL COUNCIL TEACHERS ENGLISH
"LABERGE Y, 2004, EUR J COMMUN, V19, P249, DOI 10.1177/0267323104042920",SAGE PUBLICATIONS LTD
"MARSH J, 2004, J RES READ, V27, P181, DOI 10.1111/J.1467-9817.2004.225_4.X",BLACKWELL PUBL LTD
"BARON NS, 2004, J SOCIOLING, V8, P272",BLACKWELL PUBL LTD
"SILVERSTONE R, 2003, MEDIA CULT SOC, V26, P440, DOI 10.1177/0163443704042557",SAGE PUBLICATIONS LTD
"BEATY LM, 2004, ANTHROPOL EDUC QUART, V35",AMER ANTHROPOLOGICAL ASSOC
"KUBEY R, 2004, TELEV QUART, V34, P21",NATL ACAD TELEVISION ARTS SCIENCES
"HINDIN TJ, 2004, J AM DIET ASSOC, V104, P192, DOI 10.1016/J.JADA.2003.11.006",AMER DIETETIC ASSOC
"BEATY LM, 2003, ANTHROPOL EDUC QUART, V34",AMER ANTHROPOLOGICAL ASSOC
"MOTOMURA K, 2003, J AESTHET EDUC, V37, P58",UNIV ILLINOIS PRESS
"FRANCIS C, 2003, MED J AUSTRALIA, V179, P638",AUSTRALASIAN MED PUBL CO LTD
"GOODSON FT, 2003, J ADOLESC ADULT LIT, V47, P258",INT READING ASSOC
"HULL GA, 2003, RES TEACH ENGL, V38, P229",NATL COUNCIL TEACHERS ENGLISH
"HESSE P, 2003, YOUNG CHILDREN, V58, P20",NATL ASSOC EDUC YOUNG CHILDREN
"HILL SC, 2003, J SCHOOL HEALTH, V73, P239, DOI 10.1111/J.1746-1561.2003.TB06569.X",AMER SCHOOL HEALTH ASSOC
"HOBBS R, 2003, READ RES QUART, V38, P330, DOI 10.1598/RRQ.38.3.2",INT READING ASSOC
"ALVERMANN DE, 2003, READ RES QUART, V38, P386",INT READING ASSOC
"HAGOOD MC, 2003, READ RES QUART, V38, P387",INT READING ASSOC
"NIXON H, 2003, READ RES QUART, V38, P407",INT READING ASSOC
"PAYNE JG, 2003, J HEALTH COMMUN, V8, P124, DOI 10.1080/10810730390224983",TAYLOR & FRANCIS INC
"WADE TD, 2003, INT J EAT DISORDER, V33, P371, DOI 10.1002/EAT.10136",JOHN WILEY & SONS INC
"SCHARRER E, 2002, J ADOLESC ADULT LIT, V46, P354",INT READING ASSOC
"LELLIOTT A, 2002, COMPUT EDUC, V39, P313, DOI 10.1016/S0360-1315(02)00037-4",PERGAMON-ELSEVIER SCIENCE LTD
"MARTIN MA, 2002, J ADOLESC ADULT LIT, V46, P277",INT READING ASSOC
"RAMANATHAN V, 2002, CAN MOD LANG REV, V59, P125, DOI 10.3138/CMLR.59.1.125",CANADIAN MODERN LANGUAGE REV
"VAN HORN R, 2002, PHI DELTA KAPPAN, V84, P10, DOI 10.1177/003172170208400104",PHI DELTA KAPPA
"COHEN HL, 2002, EDUC GERONTOL, V28, P599, DOI 10.1080/03601270290099796",BRUNNER/MAZEL INC
"BURCH E, 2002, MEDIA CULT SOC, V24, P571, DOI 10.1177/016344370202400408",SAGE PUBLICATIONS LTD
"ROBINSON A, 2002, ONLINE, V26, P29",ONLINE INC
"CHRIST WG, 2002, J BROADCAST ELECTRON, V46, P321, DOI 10.1207/S15506878JOBEM4602_9",BROADCAST EDUC ASSOC
"EDGERTON GR, 2002, J POP FILM TV, V30, P2, DOI 10.1080/01956050209605553",HELDREF PUBLICATIONS
"ROCKLER NR, 2002, J POP FILM TV, V30, P16, DOI 10.1080/01956050209605555",ROUTLEDGE JOURNALS
"ROCKLER NR, 2002, J POP FILM TV, V30, P16, DOI 10.1080/01956050209605555", TAYLOR & FRANCIS LTD
